{
  "type": "FeatureCollection",
  "generator": "overpass-turbo",
  "copyright": "The data included in this document is from www.openstreetmap.org. The data is made available under ODbL.",
  "timestamp": "2026-08-27T10:09:36Z",
  "features": [
    {
      "type": "Feature",
      "properties": {
        "@id": "way/314940698",
        "building": "university",
        "building:levels": "1",
        "height": "4",
        "name": "CSU-CED Student Center"
      },
      "geometry": {
        "type": "Polygon",
        "coordinates": [
          [
            [
              125.5966829,
              8.959326
            ],
            [
              125.5966937,
              8.959273
            ],
            [
              125.5966963,
              8.9592359
            ],
            [
              125.5968358,
              8.9592597
            ],
            [
              125.5968251,
              8.9593525
            ],
            [
              125.5966829,
              8.959326
            ]
          ]
        ]
      },
      "id": "way/314940698"
    },
    {
      "type": "Feature",
      "properties": {
        "@id": "way/316316211",
        "addr:city": "Butuan City",
        "addr:postcode": "8600",
        "addr:street": "Ampayon",
        "building": "university",
        "building:levels": "7",
        "name": "CEIT-CSU Building",
        "source": "Bing"
      },
      "geometry": {
        "type": "Polygon",
        "coordinates": [
          [
            [
              125.596705,
              8.9592279
            ],
            [
              125.5967425,
              8.9590111
            ],
            [
              125.5968454,
              8.9590286
            ],
            [
              125.5968117,
              8.9592464
            ],
            [
              125.596705,
              8.9592279
            ]
          ]
        ]
      },
      "id": "way/316316211"
    },
    {
      "type": "Feature",
      "properties": {
        "@id": "way/318317495",
        "addr:city": "Butuan City",
        "addr:housenumber": "CSU",
        "addr:postcode": "8600",
        "addr:street": "Ampayon",
        "building": "university",
        "height": "7",
        "name": "CSU-College of Education"
      },
      "geometry": {
        "type": "Polygon",
        "coordinates": [
          [
            [
              125.5968509,
              8.9593543
            ],
            [
              125.5968684,
              8.9592132
            ],
            [
              125.5974164,
              8.9592823
            ],
            [
              125.5973989,
              8.9594263
            ],
            [
              125.5968509,
              8.9593543
            ]
          ]
        ]
      },
      "id": "way/318317495"
    },
    {
      "type": "Feature",
      "properties": {
        "@id": "way/318321494",
        "addr:city": "Butuan",
        "addr:housenumber": "P3-A",
        "addr:postcode": "8600",
        "addr:street": "Ampayon",
        "branch": "Caraga",
        "building": "yes",
        "building:levels": "3",
        "name": "Commission on Higher Education",
        "office": "government"
      },
      "geometry": {
        "type": "Polygon",
        "coordinates": [
          [
            [
              125.5974501,
              8.959603
            ],
            [
              125.5974689,
              8.9594825
            ],
            [
              125.5975252,
              8.9594878
            ],
            [
              125.5975306,
              8.9594599
            ],
            [
              125.5976674,
              8.9594851
            ],
            [
              125.5976406,
              8.9596361
            ],
            [
              125.5974501,
              8.959603
            ]
          ]
        ]
      },
      "id": "way/318321494"
    },
    {
      "type": "Feature",
      "properties": {
        "@id": "way/381184116",
        "addr:city": "Butuan City",
        "addr:housenumber": "P3C",
        "addr:postcode": "8600",
        "addr:street": "Ampayon",
        "building": "yes",
        "building:levels": "2",
        "name": "CEIT Student Center & AVR"
      },
      "geometry": {
        "type": "Polygon",
        "coordinates": [
          [
            [
              125.5967516,
              8.9590015
            ],
            [
              125.5967762,
              8.9588417
            ],
            [
              125.5968586,
              8.9588546
            ],
            [
              125.5968497,
              8.9589009
            ],
            [
              125.5968286,
              8.9590114
            ],
            [
              125.5967516,
              8.9590015
            ]
          ]
        ]
      },
      "id": "way/381184116"
    },
    {
      "type": "Feature",
      "properties": {
        "@id": "way/401945624",
        "building": "roof",
        "layer": "1"
      },
      "geometry": {
        "type": "Polygon",
        "coordinates": [
          [
            [
              125.5978696,
              8.9596708
            ],
            [
              125.5978837,
              8.9595966
            ],
            [
              125.597961,
              8.9596109
            ],
            [
              125.5979469,
              8.9596851
            ],
            [
              125.5978696,
              8.9596708
            ]
          ]
        ]
      },
      "id": "way/401945624"
    },
    {
      "type": "Feature",
      "properties": {
        "@id": "way/690644486",
        "leaf_cycle": "mixed",
        "leaf_type": "mixed",
        "natural": "wood"
      },
      "geometry": {
        "type": "Polygon",
        "coordinates": [
          [
            [
              125.5962231,
              8.9585279
            ],
            [
              125.5961276,
              8.9585875
            ],
            [
              125.5960218,
              8.9585866
            ],
            [
              125.5959295,
              8.9585715
            ],
            [
              125.5957074,
              8.9585083
            ],
            [
              125.5952842,
              8.9583408
            ],
            [
              125.5949806,
              8.9581423
            ],
            [
              125.5952568,
              8.9566374
            ],
            [
              125.5953909,
              8.9566851
            ],
            [
              125.5953909,
              8.9569447
            ],
            [
              125.5956538,
              8.9570189
            ],
            [
              125.5956285,
              8.9575193
            ],
            [
              125.5957004,
              8.9576513
            ],
            [
              125.595796,
              8.9577811
            ],
            [
              125.5960455,
              8.9578942
            ],
            [
              125.5962001,
              8.9580146
            ],
            [
              125.5962706,
              8.9581426
            ],
            [
              125.596274,
              8.9582986
            ],
            [
              125.5962558,
              8.9584507
            ],
            [
              125.5962231,
              8.9585279
            ]
          ]
        ]
      },
      "id": "way/690644486"
    },
    {
      "type": "Feature",
      "properties": {
        "@id": "way/818802713",
        "building": "university",
        "building:levels": "7",
        "name": "College of Agriculture and Agri-Industries"
      },
      "geometry": {
        "type": "Polygon",
        "coordinates": [
          [
            [
              125.5952623,
              8.9590547
            ],
            [
              125.5952841,
              8.9589328
            ],
            [
              125.5960086,
              8.9590588
            ],
            [
              125.5959869,
              8.9591807
            ],
            [
              125.5958423,
              8.9591556
            ],
            [
              125.5955748,
              8.9591091
            ],
            [
              125.5953962,
              8.959078
            ],
            [
              125.5952623,
              8.9590547
            ]
          ]
        ]
      },
      "id": "way/818802713"
    },
    {
      "type": "Feature",
      "properties": {
        "@id": "way/818878193",
        "addr:city": "Butuan",
        "addr:postcode": "8600",
        "addr:street": "CSU Campus",
        "building": "yes",
        "building:levels": "2",
        "building:material": "cement_block",
        "name": "DOST Metrology Laboratory"
      },
      "geometry": {
        "type": "Polygon",
        "coordinates": [
          [
            [
              125.5985571,
              8.953324
            ],
            [
              125.5985786,
              8.9532219
            ],
            [
              125.5987261,
              8.9532523
            ],
            [
              125.5987046,
              8.9533543
            ],
            [
              125.5985571,
              8.953324
            ]
          ]
        ]
      },
      "id": "way/818878193"
    },
    {
      "type": "Feature",
      "properties": {
        "@id": "way/819380691",
        "building": "yes",
        "height": "4",
        "name": "Tissue Culture Lab"
      },
      "geometry": {
        "type": "Polygon",
        "coordinates": [
          [
            [
              125.5953505,
              8.9584698
            ],
            [
              125.5954953,
              8.9584939
            ],
            [
              125.5954483,
              8.9587707
            ],
            [
              125.5953034,
              8.9587467
            ],
            [
              125.5953263,
              8.9586123
            ],
            [
              125.5953505,
              8.9584698
            ]
          ]
        ]
      },
      "id": "way/819380691"
    },
    {
      "type": "Feature",
      "properties": {
        "@id": "way/819380692",
        "building": "yes",
        "height": "4",
        "name": "Agro-Workshop"
      },
      "geometry": {
        "type": "Polygon",
        "coordinates": [
          [
            [
              125.5956138,
              8.9585606
            ],
            [
              125.5957384,
              8.9585857
            ],
            [
              125.5956929,
              8.9588061
            ],
            [
              125.5955684,
              8.9587811
            ],
            [
              125.5956138,
              8.9585606
            ]
          ]
        ]
      },
      "id": "way/819380692"
    },
    {
      "type": "Feature",
      "properties": {
        "@id": "way/819380693",
        "building": "yes",
        "height": "4",
        "name": "New Tissue Culture Lab"
      },
      "geometry": {
        "type": "Polygon",
        "coordinates": [
          [
            [
              125.5954624,
              8.9587615
            ],
            [
              125.5954924,
              8.9585965
            ],
            [
              125.5955905,
              8.9586139
            ],
            [
              125.5955751,
              8.9586987
            ],
            [
              125.5955605,
              8.958779
            ],
            [
              125.5954624,
              8.9587615
            ]
          ]
        ]
      },
      "id": "way/819380693"
    },
    {
      "type": "Feature",
      "properties": {
        "@id": "way/819389007",
        "building": "yes"
      },
      "geometry": {
        "type": "Polygon",
        "coordinates": [
          [
            [
              125.5956896,
              8.9589964
            ],
            [
              125.5956969,
              8.958942
            ],
            [
              125.5957639,
              8.9589508
            ],
            [
              125.5957566,
              8.9590052
            ],
            [
              125.5956896,
              8.9589964
            ]
          ]
        ]
      },
      "id": "way/819389007"
    },
    {
      "type": "Feature",
      "properties": {
        "@id": "way/819529896",
        "addr:city": "Butuan City",
        "addr:housenumber": "CSU Campus",
        "addr:postcode": "8600",
        "addr:street": "Ampayon",
        "building": "yes",
        "building:levels": "1",
        "height": "4",
        "name": "Organic Agriculture Building"
      },
      "geometry": {
        "type": "Polygon",
        "coordinates": [
          [
            [
              125.597148,
              8.9538285
            ],
            [
              125.5971537,
              8.9537795
            ],
            [
              125.5970804,
              8.9537711
            ],
            [
              125.5970951,
              8.953645
            ],
            [
              125.5970492,
              8.9536398
            ],
            [
              125.5970652,
              8.9535034
            ],
            [
              125.5973121,
              8.9535316
            ],
            [
              125.5973006,
              8.9536302
            ],
            [
              125.5972191,
              8.9536209
            ],
            [
              125.5972484,
              8.9537035
            ],
            [
              125.5972783,
              8.9537035
            ],
            [
              125.5973037,
              8.9537713
            ],
            [
              125.5972742,
              8.9537821
            ],
            [
              125.5972399,
              8.953839
            ],
            [
              125.597148,
              8.9538285
            ]
          ]
        ]
      },
      "id": "way/819529896"
    },
    {
      "type": "Feature",
      "properties": {
        "@id": "way/819529897",
        "addr:city": "Butuan City",
        "addr:housenumber": "CSU Campus",
        "addr:postcode": "8600",
        "addr:street": "Ampayon",
        "building": "house",
        "building:levels": "1",
        "height": "4",
        "name": "Forestry Department"
      },
      "geometry": {
        "type": "Polygon",
        "coordinates": [
          [
            [
              125.5971569,
              8.9532891
            ],
            [
              125.5971922,
              8.9530851
            ],
            [
              125.597536,
              8.9531432
            ],
            [
              125.5975059,
              8.9533166
            ],
            [
              125.5973082,
              8.9532832
            ],
            [
              125.5973029,
              8.9533138
            ],
            [
              125.5971569,
              8.9532891
            ]
          ]
        ]
      },
      "id": "way/819529897"
    },
    {
      "type": "Feature",
      "properties": {
        "@id": "way/819542451",
        "building": "yes",
        "height": "18",
        "name": "CSU - GYMNASIUM"
      },
      "geometry": {
        "type": "Polygon",
        "coordinates": [
          [
            [
              125.5958196,
              8.9561522
            ],
            [
              125.5957416,
              8.9561379
            ],
            [
              125.5953656,
              8.9560691
            ],
            [
              125.5954181,
              8.9557893
            ],
            [
              125.5957708,
              8.9558539
            ],
            [
              125.5958721,
              8.9558724
            ],
            [
              125.5958196,
              8.9561522
            ]
          ]
        ]
      },
      "id": "way/819542451"
    },
    {
      "type": "Feature",
      "properties": {
        "@id": "way/819542452",
        "building": "yes",
        "height": "4"
      },
      "geometry": {
        "type": "Polygon",
        "coordinates": [
          [
            [
              125.5954552,
              8.9566119
            ],
            [
              125.5953512,
              8.9565897
            ],
            [
              125.5953688,
              8.9565098
            ],
            [
              125.5954727,
              8.9565321
            ],
            [
              125.5954552,
              8.9566119
            ]
          ]
        ]
      },
      "id": "way/819542452"
    },
    {
      "type": "Feature",
      "properties": {
        "@id": "way/819542453",
        "building": "yes",
        "height": "4"
      },
      "geometry": {
        "type": "Polygon",
        "coordinates": [
          [
            [
              125.595405,
              8.9569071
            ],
            [
              125.5954204,
              8.9567975
            ],
            [
              125.5957655,
              8.9568523
            ],
            [
              125.5957409,
              8.9569619
            ],
            [
              125.595405,
              8.9569071
            ]
          ]
        ]
      },
      "id": "way/819542453"
    },
    {
      "type": "Feature",
      "properties": {
        "@id": "way/819542454",
        "building": "yes",
        "height": "4"
      },
      "geometry": {
        "type": "Polygon",
        "coordinates": [
          [
            [
              125.5957263,
              8.9568433
            ],
            [
              125.5955547,
              8.9568075
            ],
            [
              125.5955754,
              8.9567107
            ],
            [
              125.595747,
              8.9567465
            ],
            [
              125.5957263,
              8.9568433
            ]
          ]
        ]
      },
      "id": "way/819542454"
    },
    {
      "type": "Feature",
      "properties": {
        "@id": "way/819542455",
        "building": "yes",
        "height": "4",
        "name": "Student Center"
      },
      "geometry": {
        "type": "Polygon",
        "coordinates": [
          [
            [
              125.5957623,
              8.9566544
            ],
            [
              125.5956738,
              8.9566378
            ],
            [
              125.5956909,
              8.9565489
            ],
            [
              125.5957794,
              8.9565655
            ],
            [
              125.5957623,
              8.9566544
            ]
          ]
        ]
      },
      "id": "way/819542455"
    },
    {
      "type": "Feature",
      "properties": {
        "@id": "way/819542456",
        "building": "yes"
      },
      "geometry": {
        "type": "Polygon",
        "coordinates": [
          [
            [
              125.5956403,
              8.9574711
            ],
            [
              125.5956755,
              8.9573203
            ],
            [
              125.5957468,
              8.9573365
            ],
            [
              125.5957115,
              8.9574874
            ],
            [
              125.5956403,
              8.9574711
            ]
          ]
        ]
      },
      "id": "way/819542456"
    },
    {
      "type": "Feature",
      "properties": {
        "@id": "way/821682841",
        "building": "yes"
      },
      "geometry": {
        "type": "Polygon",
        "coordinates": [
          [
            [
              125.5958153,
              8.9535726
            ],
            [
              125.5958485,
              8.9534164
            ],
            [
              125.5959581,
              8.9534391
            ],
            [
              125.5959249,
              8.9535953
            ],
            [
              125.5958153,
              8.9535726
            ]
          ]
        ]
      },
      "id": "way/821682841"
    },
    {
      "type": "Feature",
      "properties": {
        "@id": "way/821682842",
        "building": "yes"
      },
      "geometry": {
        "type": "Polygon",
        "coordinates": [
          [
            [
              125.5958418,
              8.9533744
            ],
            [
              125.5958718,
              8.9531951
            ],
            [
              125.5959521,
              8.9532082
            ],
            [
              125.5959221,
              8.9533875
            ],
            [
              125.5958418,
              8.9533744
            ]
          ]
        ]
      },
      "id": "way/821682842"
    },
    {
      "type": "Feature",
      "properties": {
        "@id": "way/821682843",
        "building": "yes"
      },
      "geometry": {
        "type": "Polygon",
        "coordinates": [
          [
            [
              125.5959785,
              8.9532899
            ],
            [
              125.5959925,
              8.9532183
            ],
            [
              125.5961574,
              8.9532499
            ],
            [
              125.5961434,
              8.9533214
            ],
            [
              125.5959785,
              8.9532899
            ]
          ]
        ]
      },
      "id": "way/821682843"
    },
    {
      "type": "Feature",
      "properties": {
        "@id": "way/821682844",
        "building": "yes"
      },
      "geometry": {
        "type": "Polygon",
        "coordinates": [
          [
            [
              125.596485,
              8.9539325
            ],
            [
              125.5964963,
              8.9538751
            ],
            [
              125.5965674,
              8.9538886
            ],
            [
              125.596558,
              8.9539366
            ],
            [
              125.5965518,
              8.9539687
            ],
            [
              125.5964943,
              8.9539577
            ],
            [
              125.5964988,
              8.9539351
            ],
            [
              125.596485,
              8.9539325
            ]
          ]
        ]
      },
      "id": "way/821682844"
    },
    {
      "type": "Feature",
      "properties": {
        "@id": "way/821682845",
        "building": "yes",
        "height": "4"
      },
      "geometry": {
        "type": "Polygon",
        "coordinates": [
          [
            [
              125.5967565,
              8.9542348
            ],
            [
              125.5967679,
              8.9541735
            ],
            [
              125.5969041,
              8.9541981
            ],
            [
              125.5968927,
              8.9542594
            ],
            [
              125.5967565,
              8.9542348
            ]
          ]
        ]
      },
      "id": "way/821682845"
    },
    {
      "type": "Feature",
      "properties": {
        "@id": "way/821682846",
        "building": "yes",
        "height": "4"
      },
      "geometry": {
        "type": "Polygon",
        "coordinates": [
          [
            [
              125.5965416,
              8.9542633
            ],
            [
              125.5965695,
              8.9541329
            ],
            [
              125.5966818,
              8.9541563
            ],
            [
              125.5966538,
              8.9542868
            ],
            [
              125.5965416,
              8.9542633
            ]
          ]
        ]
      },
      "id": "way/821682846"
    },
    {
      "type": "Feature",
      "properties": {
        "@id": "way/821682847",
        "building": "yes",
        "height": "4"
      },
      "geometry": {
        "type": "Polygon",
        "coordinates": [
          [
            [
              125.5966841,
              8.954107
            ],
            [
              125.5967001,
              8.954024
            ],
            [
              125.5968011,
              8.9540431
            ],
            [
              125.5967968,
              8.9540649
            ],
            [
              125.5968271,
              8.9540707
            ],
            [
              125.5968205,
              8.9541045
            ],
            [
              125.5967837,
              8.9540975
            ],
            [
              125.5967785,
              8.9541248
            ],
            [
              125.5966841,
              8.954107
            ]
          ]
        ]
      },
      "id": "way/821682847"
    },
    {
      "type": "Feature",
      "properties": {
        "@id": "way/821682848",
        "building": "yes",
        "height": "4"
      },
      "geometry": {
        "type": "Polygon",
        "coordinates": [
          [
            [
              125.5961596,
              8.9543268
            ],
            [
              125.5961695,
              8.9542456
            ],
            [
              125.5962647,
              8.9542569
            ],
            [
              125.5962549,
              8.9543381
            ],
            [
              125.5961596,
              8.9543268
            ]
          ]
        ]
      },
      "id": "way/821682848"
    },
    {
      "type": "Feature",
      "properties": {
        "@id": "way/821682849",
        "building": "yes",
        "height": "4"
      },
      "geometry": {
        "type": "Polygon",
        "coordinates": [
          [
            [
              125.5961478,
              8.9544685
            ],
            [
              125.5961604,
              8.9543956
            ],
            [
              125.5962586,
              8.9544122
            ],
            [
              125.5962459,
              8.9544852
            ],
            [
              125.5961478,
              8.9544685
            ]
          ]
        ]
      },
      "id": "way/821682849"
    },
    {
      "type": "Feature",
      "properties": {
        "@id": "way/821682850",
        "building": "yes",
        "height": "4",
        "name": "Chapel"
      },
      "geometry": {
        "type": "Polygon",
        "coordinates": [
          [
            [
              125.5966627,
              8.9552986
            ],
            [
              125.5967005,
              8.9551399
            ],
            [
              125.5968038,
              8.9551639
            ],
            [
              125.596766,
              8.9553226
            ],
            [
              125.5966627,
              8.9552986
            ]
          ]
        ]
      },
      "id": "way/821682850"
    },
    {
      "type": "Feature",
      "properties": {
        "@id": "way/821682851",
        "building": "yes",
        "height": "4",
        "name": "Gents Dormitory"
      },
      "geometry": {
        "type": "Polygon",
        "coordinates": [
          [
            [
              125.5955598,
              8.9550783
            ],
            [
              125.5955953,
              8.9549125
            ],
            [
              125.5959905,
              8.9549949
            ],
            [
              125.5959565,
              8.9551539
            ],
            [
              125.5958314,
              8.9551278
            ],
            [
              125.5958218,
              8.955173
            ],
            [
              125.5957241,
              8.9551526
            ],
            [
              125.5957323,
              8.9551143
            ],
            [
              125.5955598,
              8.9550783
            ]
          ]
        ]
      },
      "id": "way/821682851"
    },
    {
      "type": "Feature",
      "properties": {
        "@id": "way/821682852",
        "building": "yes",
        "height": "11"
      },
      "geometry": {
        "type": "Polygon",
        "coordinates": [
          [
            [
              125.5958186,
              8.9555852
            ],
            [
              125.5958702,
              8.9554471
            ],
            [
              125.5960064,
              8.9554968
            ],
            [
              125.5959548,
              8.9556349
            ],
            [
              125.5958186,
              8.9555852
            ]
          ]
        ]
      },
      "id": "way/821682852"
    },
    {
      "type": "Feature",
      "properties": {
        "@id": "way/821682853",
        "building": "university",
        "height": "4",
        "layer": "-1",
        "name": "CAS Building"
      },
      "geometry": {
        "type": "Polygon",
        "coordinates": [
          [
            [
              125.5962635,
              8.9555352
            ],
            [
              125.5962101,
              8.9555235
            ],
            [
              125.5962344,
              8.9554157
            ],
            [
              125.5969027,
              8.9555627
            ],
            [
              125.5969088,
              8.9555359
            ],
            [
              125.597117,
              8.9555817
            ],
            [
              125.5970931,
              8.9556878
            ],
            [
              125.5970767,
              8.9557602
            ],
            [
              125.5968923,
              8.9557196
            ],
            [
              125.5968966,
              8.9557006
            ],
            [
              125.5962579,
              8.9555601
            ],
            [
              125.5962635,
              8.9555352
            ]
          ]
        ]
      },
      "id": "way/821682853"
    },
    {
      "type": "Feature",
      "properties": {
        "@id": "way/821682854",
        "building": "yes",
        "height": "4"
      },
      "geometry": {
        "type": "Polygon",
        "coordinates": [
          [
            [
              125.5972607,
              8.9529776
            ],
            [
              125.5972758,
              8.9528734
            ],
            [
              125.5975956,
              8.9529187
            ],
            [
              125.5975804,
              8.9530229
            ],
            [
              125.5973286,
              8.9529872
            ],
            [
              125.5972607,
              8.9529776
            ]
          ]
        ]
      },
      "id": "way/821682854"
    },
    {
      "type": "Feature",
      "properties": {
        "@id": "way/821682855",
        "building": "yes"
      },
      "geometry": {
        "type": "Polygon",
        "coordinates": [
          [
            [
              125.5970048,
              8.9525972
            ],
            [
              125.5970395,
              8.9524086
            ],
            [
              125.5971121,
              8.9524216
            ],
            [
              125.5970774,
              8.9526102
            ],
            [
              125.5970048,
              8.9525972
            ]
          ]
        ]
      },
      "id": "way/821682855"
    },
    {
      "type": "Feature",
      "properties": {
        "@id": "way/821682856",
        "building": "yes",
        "height": "4"
      },
      "geometry": {
        "type": "Polygon",
        "coordinates": [
          [
            [
              125.5973722,
              8.9526927
            ],
            [
              125.5973871,
              8.9525798
            ],
            [
              125.5975111,
              8.9525958
            ],
            [
              125.5975169,
              8.9525514
            ],
            [
              125.5976436,
              8.9525677
            ],
            [
              125.5976229,
              8.952725
            ],
            [
              125.5973722,
              8.9526927
            ]
          ]
        ]
      },
      "id": "way/821682856"
    },
    {
      "type": "Feature",
      "properties": {
        "@id": "way/821682857",
        "building": "yes"
      },
      "geometry": {
        "type": "Polygon",
        "coordinates": [
          [
            [
              125.5969194,
              8.9525769
            ],
            [
              125.5969545,
              8.9523878
            ],
            [
              125.5970207,
              8.9523998
            ],
            [
              125.5969856,
              8.9525889
            ],
            [
              125.5969194,
              8.9525769
            ]
          ]
        ]
      },
      "id": "way/821682857"
    },
    {
      "type": "Feature",
      "properties": {
        "@id": "way/821682858",
        "building": "yes"
      },
      "geometry": {
        "type": "Polygon",
        "coordinates": [
          [
            [
              125.5968291,
              8.9525686
            ],
            [
              125.5968636,
              8.9523683
            ],
            [
              125.5969264,
              8.9523789
            ],
            [
              125.5968919,
              8.9525791
            ],
            [
              125.5968291,
              8.9525686
            ]
          ]
        ]
      },
      "id": "way/821682858"
    },
    {
      "type": "Feature",
      "properties": {
        "@id": "way/821682859",
        "building": "yes"
      },
      "geometry": {
        "type": "Polygon",
        "coordinates": [
          [
            [
              125.5967369,
              8.9525553
            ],
            [
              125.5967733,
              8.9523493
            ],
            [
              125.5968416,
              8.9523611
            ],
            [
              125.5968051,
              8.9525671
            ],
            [
              125.5967369,
              8.9525553
            ]
          ]
        ]
      },
      "id": "way/821682859"
    },
    {
      "type": "Feature",
      "properties": {
        "@id": "way/821706432",
        "building": "yes"
      },
      "geometry": {
        "type": "Polygon",
        "coordinates": [
          [
            [
              125.59632,
              8.9524497
            ],
            [
              125.5963321,
              8.9523932
            ],
            [
              125.5965366,
              8.9524359
            ],
            [
              125.5965245,
              8.9524924
            ],
            [
              125.59632,
              8.9524497
            ]
          ]
        ]
      },
      "id": "way/821706432"
    },
    {
      "type": "Feature",
      "properties": {
        "@id": "way/821706433",
        "building": "yes"
      },
      "geometry": {
        "type": "Polygon",
        "coordinates": [
          [
            [
              125.596645,
              8.9525358
            ],
            [
              125.5966779,
              8.9523608
            ],
            [
              125.5967407,
              8.9523724
            ],
            [
              125.5967077,
              8.9525473
            ],
            [
              125.596645,
              8.9525358
            ]
          ]
        ]
      },
      "id": "way/821706433"
    },
    {
      "type": "Feature",
      "properties": {
        "@id": "way/821706434",
        "building": "yes"
      },
      "geometry": {
        "type": "Polygon",
        "coordinates": [
          [
            [
              125.5965609,
              8.9525211
            ],
            [
              125.5965893,
              8.9523429
            ],
            [
              125.5966514,
              8.9523526
            ],
            [
              125.5966229,
              8.9525308
            ],
            [
              125.5965609,
              8.9525211
            ]
          ]
        ]
      },
      "id": "way/821706434"
    },
    {
      "type": "Feature",
      "properties": {
        "@id": "way/821706435",
        "building": "yes"
      },
      "geometry": {
        "type": "Polygon",
        "coordinates": [
          [
            [
              125.597783,
              8.9527451
            ],
            [
              125.5978134,
              8.9525774
            ],
            [
              125.5979345,
              8.9525988
            ],
            [
              125.5979042,
              8.9527665
            ],
            [
              125.597783,
              8.9527451
            ]
          ]
        ]
      },
      "id": "way/821706435"
    },
    {
      "type": "Feature",
      "properties": {
        "@id": "way/821706436",
        "building": "yes"
      },
      "geometry": {
        "type": "Polygon",
        "coordinates": [
          [
            [
              125.597979,
              8.952771
            ],
            [
              125.598013,
              8.9525948
            ],
            [
              125.5981248,
              8.9526159
            ],
            [
              125.5980908,
              8.952792
            ],
            [
              125.597979,
              8.952771
            ]
          ]
        ]
      },
      "id": "way/821706436"
    },
    {
      "type": "Feature",
      "properties": {
        "@id": "way/821706437",
        "building": "yes",
        "height": "4"
      },
      "geometry": {
        "type": "Polygon",
        "coordinates": [
          [
            [
              125.5978511,
              8.952908
            ],
            [
              125.5977493,
              8.9528902
            ],
            [
              125.5977596,
              8.9528325
            ],
            [
              125.5978614,
              8.9528502
            ],
            [
              125.5978511,
              8.952908
            ]
          ]
        ]
      },
      "id": "way/821706437"
    },
    {
      "type": "Feature",
      "properties": {
        "@id": "way/821706438",
        "building": "yes",
        "height": "4"
      },
      "geometry": {
        "type": "Polygon",
        "coordinates": [
          [
            [
              125.5978654,
              8.9529056
            ],
            [
              125.5978794,
              8.9528158
            ],
            [
              125.597962,
              8.9528284
            ],
            [
              125.5979479,
              8.9529182
            ],
            [
              125.5978654,
              8.9529056
            ]
          ]
        ]
      },
      "id": "way/821706438"
    },
    {
      "type": "Feature",
      "properties": {
        "@id": "way/821706440",
        "building": "yes"
      },
      "geometry": {
        "type": "Polygon",
        "coordinates": [
          [
            [
              125.5983553,
              8.952776
            ],
            [
              125.5983679,
              8.9526935
            ],
            [
              125.5984839,
              8.9527107
            ],
            [
              125.5984714,
              8.9527932
            ],
            [
              125.5983553,
              8.952776
            ]
          ]
        ]
      },
      "id": "way/821706440"
    },
    {
      "type": "Feature",
      "properties": {
        "@id": "way/821706441",
        "building": "yes"
      },
      "geometry": {
        "type": "Polygon",
        "coordinates": [
          [
            [
              125.5981891,
              8.9528807
            ],
            [
              125.5982223,
              8.952686
            ],
            [
              125.5983108,
              8.9527007
            ],
            [
              125.5982775,
              8.9528954
            ],
            [
              125.5981891,
              8.9528807
            ]
          ]
        ]
      },
      "id": "way/821706441"
    },
    {
      "type": "Feature",
      "properties": {
        "@id": "way/821706442",
        "building": "yes"
      },
      "geometry": {
        "type": "Polygon",
        "coordinates": [
          [
            [
              125.5982982,
              8.9530001
            ],
            [
              125.5983355,
              8.9527959
            ],
            [
              125.598474,
              8.9528206
            ],
            [
              125.5984368,
              8.9530248
            ],
            [
              125.5982982,
              8.9530001
            ]
          ]
        ]
      },
      "id": "way/821706442"
    },
    {
      "type": "Feature",
      "properties": {
        "@id": "way/821706443",
        "building": "yes"
      },
      "geometry": {
        "type": "Polygon",
        "coordinates": [
          [
            [
              125.5980273,
              8.953029
            ],
            [
              125.5980372,
              8.9529715
            ],
            [
              125.5984379,
              8.953039
            ],
            [
              125.598428,
              8.9530965
            ],
            [
              125.5980273,
              8.953029
            ]
          ]
        ]
      },
      "id": "way/821706443"
    },
    {
      "type": "Feature",
      "properties": {
        "@id": "way/821706444",
        "building": "yes"
      },
      "geometry": {
        "type": "Polygon",
        "coordinates": [
          [
            [
              125.5979853,
              8.9530097
            ],
            [
              125.5979923,
              8.9529689
            ],
            [
              125.5980244,
              8.9529742
            ],
            [
              125.5980175,
              8.953015
            ],
            [
              125.5979853,
              8.9530097
            ]
          ]
        ]
      },
      "id": "way/821706444"
    },
    {
      "type": "Feature",
      "properties": {
        "@id": "way/821706445",
        "building": "yes"
      },
      "geometry": {
        "type": "Polygon",
        "coordinates": [
          [
            [
              125.5984951,
              8.9531228
            ],
            [
              125.5985049,
              8.9530645
            ],
            [
              125.5987457,
              8.953104
            ],
            [
              125.5987359,
              8.9531623
            ],
            [
              125.5984951,
              8.9531228
            ]
          ]
        ]
      },
      "id": "way/821706445"
    },
    {
      "type": "Feature",
      "properties": {
        "@id": "way/821706446",
        "addr:city": "Butuan",
        "addr:postcode": "8600",
        "addr:street": "CSU Campus",
        "agency": "DOST",
        "building": "yes",
        "building:levels": "3",
        "height": "9",
        "name": "Department of Science and Technology"
      },
      "geometry": {
        "type": "Polygon",
        "coordinates": [
          [
            [
              125.5983758,
              8.9533238
            ],
            [
              125.5979565,
              8.9532472
            ],
            [
              125.5979908,
              8.9530644
            ],
            [
              125.59841,
              8.9531411
            ],
            [
              125.5983758,
              8.9533238
            ]
          ]
        ]
      },
      "id": "way/821706446"
    },
    {
      "type": "Feature",
      "properties": {
        "@id": "way/821706470",
        "building": "yes",
        "height": "8",
        "name": "Annex Building 2"
      },
      "geometry": {
        "type": "Polygon",
        "coordinates": [
          [
            [
              125.5979541,
              8.9545797
            ],
            [
              125.5979824,
              8.9544514
            ],
            [
              125.5982913,
              8.9545178
            ],
            [
              125.598263,
              8.9546461
            ],
            [
              125.5979541,
              8.9545797
            ]
          ]
        ]
      },
      "id": "way/821706470"
    },
    {
      "type": "Feature",
      "properties": {
        "@id": "way/821706471",
        "building": "yes",
        "height": "4"
      },
      "geometry": {
        "type": "Polygon",
        "coordinates": [
          [
            [
              125.5981425,
              8.9544697
            ],
            [
              125.5981511,
              8.9544215
            ],
            [
              125.598087,
              8.9544103
            ],
            [
              125.5981016,
              8.9543285
            ],
            [
              125.5983077,
              8.9543645
            ],
            [
              125.5982845,
              8.9544945
            ],
            [
              125.5981425,
              8.9544697
            ]
          ]
        ]
      },
      "id": "way/821706471"
    },
    {
      "type": "Feature",
      "properties": {
        "@id": "way/821707476",
        "addr:city": "Butuan City",
        "addr:postcode": "8600",
        "addr:street": "Ampayon",
        "building": "yes",
        "building:levels": "1",
        "height": "11",
        "name": "CCIS"
      },
      "geometry": {
        "type": "Polygon",
        "coordinates": [
          [
            [
              125.5982212,
              8.9554295
            ],
            [
              125.5982093,
              8.9554815
            ],
            [
              125.598197,
              8.9555385
            ],
            [
              125.5981514,
              8.9555264
            ],
            [
              125.5981479,
              8.9555453
            ],
            [
              125.5981124,
              8.9555384
            ],
            [
              125.5978269,
              8.9554826
            ],
            [
              125.5978048,
              8.9554783
            ],
            [
              125.5977935,
              8.955476
            ],
            [
              125.597694,
              8.9554566
            ],
            [
              125.5977015,
              8.9554104
            ],
            [
              125.5976343,
              8.9553975
            ],
            [
              125.597653,
              8.9553206
            ],
            [
              125.597669,
              8.9552546
            ],
            [
              125.5976832,
              8.9551962
            ],
            [
              125.5977055,
              8.9551042
            ],
            [
              125.5978102,
              8.9551268
            ],
            [
              125.5978735,
              8.9551423
            ],
            [
              125.5980679,
              8.9551857
            ],
            [
              125.5980757,
              8.9551875
            ],
            [
              125.5982126,
              8.9552137
            ],
            [
              125.5982057,
              8.9552315
            ],
            [
              125.5982668,
              8.9552433
            ],
            [
              125.5982455,
              8.9553353
            ],
            [
              125.5982212,
              8.9554295
            ]
          ]
        ]
      },
      "id": "way/821707476"
    },
    {
      "type": "Feature",
      "properties": {
        "@id": "way/849337596",
        "building": "yes"
      },
      "geometry": {
        "type": "Polygon",
        "coordinates": [
          [
            [
              125.5952203,
              8.957026
            ],
            [
              125.5952217,
              8.9569862
            ],
            [
              125.5952792,
              8.9569881
            ],
            [
              125.5952779,
              8.9570278
            ],
            [
              125.5952203,
              8.957026
            ]
          ]
        ]
      },
      "id": "way/849337596"
    },
    {
      "type": "Feature",
      "properties": {
        "@id": "way/849337597",
        "building": "yes"
      },
      "geometry": {
        "type": "Polygon",
        "coordinates": [
          [
            [
              125.5955811,
              8.9571611
            ],
            [
              125.5956173,
              8.9571631
            ],
            [
              125.5956147,
              8.957209
            ],
            [
              125.5955785,
              8.957207
            ],
            [
              125.5955811,
              8.9571611
            ]
          ]
        ]
      },
      "id": "way/849337597"
    },
    {
      "type": "Feature",
      "properties": {
        "@id": "way/849337598",
        "building": "yes"
      },
      "geometry": {
        "type": "Polygon",
        "coordinates": [
          [
            [
              125.5955422,
              8.9569418
            ],
            [
              125.5955371,
              8.9569858
            ],
            [
              125.5954962,
              8.9569811
            ],
            [
              125.5955013,
              8.9569372
            ],
            [
              125.5955422,
              8.9569418
            ]
          ]
        ]
      },
      "id": "way/849337598"
    },
    {
      "type": "Feature",
      "properties": {
        "@id": "way/849337599",
        "building": "yes"
      },
      "geometry": {
        "type": "Polygon",
        "coordinates": [
          [
            [
              125.5956904,
              8.9570346
            ],
            [
              125.5956917,
              8.9569723
            ],
            [
              125.5957286,
              8.9569731
            ],
            [
              125.5957272,
              8.9570353
            ],
            [
              125.5956904,
              8.9570346
            ]
          ]
        ]
      },
      "id": "way/849337599"
    },
    {
      "type": "Feature",
      "properties": {
        "@id": "way/849337600",
        "building": "yes"
      },
      "geometry": {
        "type": "Polygon",
        "coordinates": [
          [
            [
              125.595685,
              8.9570803
            ],
            [
              125.595685,
              8.9570538
            ],
            [
              125.5957226,
              8.9570538
            ],
            [
              125.5957226,
              8.9570803
            ],
            [
              125.595685,
              8.9570803
            ]
          ]
        ]
      },
      "id": "way/849337600"
    },
    {
      "type": "Feature",
      "properties": {
        "@id": "way/849337601",
        "building": "yes"
      },
      "geometry": {
        "type": "Polygon",
        "coordinates": [
          [
            [
              125.5956776,
              8.9571286
            ],
            [
              125.5956783,
              8.9570982
            ],
            [
              125.5957146,
              8.9570989
            ],
            [
              125.595714,
              8.9571294
            ],
            [
              125.5956776,
              8.9571286
            ]
          ]
        ]
      },
      "id": "way/849337601"
    },
    {
      "type": "Feature",
      "properties": {
        "@id": "way/849337602",
        "building": "yes"
      },
      "geometry": {
        "type": "Polygon",
        "coordinates": [
          [
            [
              125.5956716,
              8.957179
            ],
            [
              125.5956716,
              8.9571485
            ],
            [
              125.5957139,
              8.9571485
            ],
            [
              125.5957139,
              8.957179
            ],
            [
              125.5956716,
              8.957179
            ]
          ]
        ]
      },
      "id": "way/849337602"
    },
    {
      "type": "Feature",
      "properties": {
        "@id": "way/849337603",
        "building": "yes"
      },
      "geometry": {
        "type": "Polygon",
        "coordinates": [
          [
            [
              125.5956602,
              8.957224
            ],
            [
              125.5956672,
              8.9571909
            ],
            [
              125.5957253,
              8.9572028
            ],
            [
              125.5957183,
              8.9572359
            ],
            [
              125.5956602,
              8.957224
            ]
          ]
        ]
      },
      "id": "way/849337603"
    },
    {
      "type": "Feature",
      "properties": {
        "@id": "way/849337604",
        "building": "yes",
        "height": "4",
        "name": "Annex Building 1"
      },
      "geometry": {
        "type": "Polygon",
        "coordinates": [
          [
            [
              125.5955356,
              8.9561605
            ],
            [
              125.5954613,
              8.9565129
            ],
            [
              125.5953603,
              8.9564921
            ],
            [
              125.5954346,
              8.9561398
            ],
            [
              125.5955356,
              8.9561605
            ]
          ]
        ]
      },
      "id": "way/849337604"
    },
    {
      "type": "Feature",
      "properties": {
        "@id": "way/849475059",
        "building": "yes",
        "height": "4"
      },
      "geometry": {
        "type": "Polygon",
        "coordinates": [
          [
            [
              125.5976263,
              8.9540214
            ],
            [
              125.5976564,
              8.9538531
            ],
            [
              125.5977403,
              8.9538677
            ],
            [
              125.5977101,
              8.9540361
            ],
            [
              125.5976263,
              8.9540214
            ]
          ]
        ]
      },
      "id": "way/849475059"
    },
    {
      "type": "Feature",
      "properties": {
        "@id": "way/849475060",
        "building": "yes",
        "height": "4"
      },
      "geometry": {
        "type": "Polygon",
        "coordinates": [
          [
            [
              125.5969859,
              8.9551061
            ],
            [
              125.5969889,
              8.9550712
            ],
            [
              125.5969565,
              8.9550685
            ],
            [
              125.5969651,
              8.954967
            ],
            [
              125.5969898,
              8.954969
            ],
            [
              125.5969911,
              8.9549538
            ],
            [
              125.597047,
              8.9549584
            ],
            [
              125.5970446,
              8.9549876
            ],
            [
              125.5970651,
              8.9549893
            ],
            [
              125.5970633,
              8.9550097
            ],
            [
              125.597096,
              8.9550124
            ],
            [
              125.5970917,
              8.9550638
            ],
            [
              125.5970632,
              8.9550615
            ],
            [
              125.5970614,
              8.955082
            ],
            [
              125.5970262,
              8.9550791
            ],
            [
              125.5970237,
              8.9551092
            ],
            [
              125.5969859,
              8.9551061
            ]
          ]
        ]
      },
      "id": "way/849475060"
    },
    {
      "type": "Feature",
      "properties": {
        "@id": "way/849475061",
        "building": "yes",
        "height": "4"
      },
      "geometry": {
        "type": "Polygon",
        "coordinates": [
          [
            [
              125.5968498,
              8.9550613
            ],
            [
              125.5969571,
              8.9550772
            ],
            [
              125.5969369,
              8.9552098
            ],
            [
              125.5968296,
              8.9551939
            ],
            [
              125.5968498,
              8.9550613
            ]
          ]
        ]
      },
      "id": "way/849475061"
    },
    {
      "type": "Feature",
      "properties": {
        "@id": "way/849475062",
        "building": "yes",
        "height": "4"
      },
      "geometry": {
        "type": "Polygon",
        "coordinates": [
          [
            [
              125.596029,
              8.9544493
            ],
            [
              125.5960554,
              8.9542906
            ],
            [
              125.5961533,
              8.9543065
            ],
            [
              125.5961269,
              8.9544652
            ],
            [
              125.596029,
              8.9544493
            ]
          ]
        ]
      },
      "id": "way/849475062"
    },
    {
      "type": "Feature",
      "properties": {
        "@id": "way/849475063",
        "building": "yes"
      },
      "geometry": {
        "type": "Polygon",
        "coordinates": [
          [
            [
              125.5962637,
              8.9539379
            ],
            [
              125.5962673,
              8.9538583
            ],
            [
              125.5963276,
              8.9538609
            ],
            [
              125.5963241,
              8.9539406
            ],
            [
              125.5962637,
              8.9539379
            ]
          ]
        ]
      },
      "id": "way/849475063"
    },
    {
      "type": "Feature",
      "properties": {
        "@id": "way/855408751",
        "building": "yes",
        "name": "CSU - CLINIC"
      },
      "geometry": {
        "type": "Polygon",
        "coordinates": [
          [
            [
              125.5980158,
              8.958732
            ],
            [
              125.5980346,
              8.9586234
            ],
            [
              125.5983364,
              8.9587002
            ],
            [
              125.59839,
              8.9584339
            ],
            [
              125.5984852,
              8.9584578
            ],
            [
              125.5984034,
              8.9588221
            ],
            [
              125.5980158,
              8.958732
            ]
          ]
        ]
      },
      "id": "way/855408751"
    },
    {
      "type": "Feature",
      "properties": {
        "@id": "way/855408752",
        "building": "yes"
      },
      "geometry": {
        "type": "Polygon",
        "coordinates": [
          [
            [
              125.5983699,
              8.9584525
            ],
            [
              125.5982935,
              8.9584366
            ],
            [
              125.5983002,
              8.9583942
            ],
            [
              125.5983806,
              8.9584114
            ],
            [
              125.5983699,
              8.9584525
            ]
          ]
        ]
      },
      "id": "way/855408752"
    },
    {
      "type": "Feature",
      "properties": {
        "@id": "way/855538986",
        "building": "yes",
        "height": "4",
        "name": "Food Technology Building"
      },
      "geometry": {
        "type": "Polygon",
        "coordinates": [
          [
            [
              125.596274,
              8.9588079
            ],
            [
              125.5963078,
              8.9588154
            ],
            [
              125.5963079,
              8.9587968
            ],
            [
              125.5964512,
              8.9588236
            ],
            [
              125.5964319,
              8.9589463
            ],
            [
              125.5962864,
              8.9589159
            ],
            [
              125.5962898,
              8.9588989
            ],
            [
              125.5962564,
              8.958895
            ],
            [
              125.596274,
              8.9588079
            ]
          ]
        ]
      },
      "id": "way/855538986"
    },
    {
      "type": "Feature",
      "properties": {
        "@id": "way/855538987",
        "building": "yes",
        "building:levels": "4",
        "name": "Food Innovation Center"
      },
      "geometry": {
        "type": "Polygon",
        "coordinates": [
          [
            [
              125.5957958,
              8.9588245
            ],
            [
              125.5958366,
              8.9586169
            ],
            [
              125.5959773,
              8.9586546
            ],
            [
              125.5959339,
              8.9588556
            ],
            [
              125.5957958,
              8.9588245
            ]
          ]
        ]
      },
      "id": "way/855538987"
    },
    {
      "type": "Feature",
      "properties": {
        "@id": "way/855538988",
        "building": "yes",
        "name": "Dairy Processing"
      },
      "geometry": {
        "type": "Polygon",
        "coordinates": [
          [
            [
              125.5963913,
              8.9591025
            ],
            [
              125.5964681,
              8.9591095
            ],
            [
              125.596449,
              8.9591988
            ],
            [
              125.5963753,
              8.959189
            ],
            [
              125.5963913,
              8.9591025
            ]
          ]
        ]
      },
      "id": "way/855538988"
    },
    {
      "type": "Feature",
      "properties": {
        "@id": "way/855539779",
        "building": "yes",
        "height": "4",
        "layer": "-1"
      },
      "geometry": {
        "type": "Polygon",
        "coordinates": [
          [
            [
              125.5971548,
              8.9585691
            ],
            [
              125.5970821,
              8.958559
            ],
            [
              125.5970948,
              8.9584698
            ],
            [
              125.5971702,
              8.9584803
            ],
            [
              125.5972658,
              8.9584935
            ],
            [
              125.5972531,
              8.9585827
            ],
            [
              125.5971548,
              8.9585691
            ]
          ]
        ]
      },
      "id": "way/855539779"
    },
    {
      "type": "Feature",
      "properties": {
        "@id": "way/855539781",
        "building": "yes",
        "height": "5",
        "layer": "1",
        "name": "CSU Old Admin Building"
      },
      "geometry": {
        "type": "Polygon",
        "coordinates": [
          [
            [
              125.5973468,
              8.9569913
            ],
            [
              125.597129,
              8.9569535
            ],
            [
              125.5971681,
              8.9567335
            ],
            [
              125.5972826,
              8.9567534
            ],
            [
              125.5973377,
              8.9564433
            ],
            [
              125.5974655,
              8.9564655
            ],
            [
              125.5974356,
              8.9566334
            ],
            [
              125.5975112,
              8.9566465
            ],
            [
              125.5975013,
              8.9567023
            ],
            [
              125.5977243,
              8.956741
            ],
            [
              125.597686,
              8.9569563
            ],
            [
              125.5976579,
              8.9569515
            ],
            [
              125.5976466,
              8.957015
            ],
            [
              125.5974348,
              8.9569783
            ],
            [
              125.5974431,
              8.9569312
            ],
            [
              125.59736,
              8.9569167
            ],
            [
              125.5973468,
              8.9569913
            ]
          ]
        ]
      },
      "id": "way/855539781"
    },
    {
      "type": "Feature",
      "properties": {
        "@id": "way/855539783",
        "building": "university",
        "height": "11",
        "name": "Hinang Hall"
      },
      "geometry": {
        "type": "Polygon",
        "coordinates": [
          [
            [
              125.5977539,
              8.954755
            ],
            [
              125.597801,
              8.9547603
            ],
            [
              125.597811,
              8.9547218
            ],
            [
              125.5983246,
              8.9548285
            ],
            [
              125.5982548,
              8.9551634
            ],
            [
              125.5977388,
              8.9550661
            ],
            [
              125.5977446,
              8.9550398
            ],
            [
              125.5977051,
              8.9550304
            ],
            [
              125.5977539,
              8.954755
            ]
          ]
        ]
      },
      "id": "way/855539783"
    },
    {
      "type": "Feature",
      "properties": {
        "@id": "way/945970806",
        "addr:city": "Butuan City",
        "addr:postcode": "8600",
        "addr:street": "CSU Campus",
        "building": "yes",
        "building:levels": "2",
        "height": "8",
        "layer": "2",
        "name": "CSU Administration Building"
      },
      "geometry": {
        "type": "Polygon",
        "coordinates": [
          [
            [
              125.5973925,
              8.9574235
            ],
            [
              125.5974203,
              8.9572829
            ],
            [
              125.5974545,
              8.9572874
            ],
            [
              125.5974749,
              8.9572877
            ],
            [
              125.5974958,
              8.9572891
            ],
            [
              125.5975155,
              8.9572888
            ],
            [
              125.5975357,
              8.9572836
            ],
            [
              125.5975541,
              8.9572776
            ],
            [
              125.5975682,
              8.9572714
            ],
            [
              125.5975815,
              8.9572617
            ],
            [
              125.597593,
              8.9572495
            ],
            [
              125.5975984,
              8.957235
            ],
            [
              125.597599,
              8.9572153
            ],
            [
              125.5975945,
              8.9571989
            ],
            [
              125.5975775,
              8.957176
            ],
            [
              125.59755,
              8.9571593
            ],
            [
              125.597519,
              8.9571458
            ],
            [
              125.5974885,
              8.9571396
            ],
            [
              125.5974452,
              8.9571377
            ],
            [
              125.597393,
              8.9571432
            ],
            [
              125.5973761,
              8.9570022
            ],
            [
              125.5974524,
              8.9569901
            ],
            [
              125.5975183,
              8.9569968
            ],
            [
              125.597591,
              8.9570147
            ],
            [
              125.5976314,
              8.9570372
            ],
            [
              125.5976837,
              8.9570819
            ],
            [
              125.5977312,
              8.9571654
            ],
            [
              125.5977388,
              8.9572643
            ],
            [
              125.5977148,
              8.9573135
            ],
            [
              125.5976863,
              8.9573633
            ],
            [
              125.5976516,
              8.9573887
            ],
            [
              125.5976161,
              8.9574072
            ],
            [
              125.5975724,
              8.9574263
            ],
            [
              125.5975252,
              8.9574363
            ],
            [
              125.5974829,
              8.9574388
            ],
            [
              125.5974394,
              8.9574377
            ],
            [
              125.5973925,
              8.9574235
            ]
          ]
        ]
      },
      "id": "way/945970806"
    },
    {
      "type": "Feature",
      "properties": {
        "@id": "way/1141068966",
        "addr:city": "Butuan City",
        "addr:postcode": "8600",
        "amenity": "library",
        "building": "yes",
        "internet_access": "wlan",
        "name": "Hon. Elisa R. Ochoa Learning Commons",
        "operator": "Caraga State University",
        "operator:type": "university"
      },
      "geometry": {
        "type": "Polygon",
        "coordinates": [
          [
            [
              125.5964206,
              8.9582886
            ],
            [
              125.596427,
              8.9582429
            ],
            [
              125.5964307,
              8.9582049
            ],
            [
              125.5964274,
              8.9581587
            ],
            [
              125.5964226,
              8.9581236
            ],
            [
              125.5964162,
              8.958079
            ],
            [
              125.5964065,
              8.9580392
            ],
            [
              125.5963904,
              8.958001
            ],
            [
              125.5963726,
              8.9579643
            ],
            [
              125.5963549,
              8.9579261
            ],
            [
              125.5963323,
              8.9578911
            ],
            [
              125.5963049,
              8.9578576
            ],
            [
              125.5962759,
              8.9578273
            ],
            [
              125.5962517,
              8.9578019
            ],
            [
              125.5962178,
              8.9577732
            ],
            [
              125.5961823,
              8.9577493
            ],
            [
              125.5961452,
              8.957727
            ],
            [
              125.5961065,
              8.9577079
            ],
            [
              125.5960678,
              8.9576951
            ],
            [
              125.5960259,
              8.957684
            ],
            [
              125.5959904,
              8.9576776
            ],
            [
              125.5959437,
              8.9576696
            ],
            [
              125.5959001,
              8.9576665
            ],
            [
              125.5958969,
              8.9574673
            ],
            [
              125.5959614,
              8.9574737
            ],
            [
              125.5960178,
              8.9574801
            ],
            [
              125.5960678,
              8.9574896
            ],
            [
              125.5961259,
              8.9575087
            ],
            [
              125.5961791,
              8.9575295
            ],
            [
              125.5962291,
              8.9575518
            ],
            [
              125.5962791,
              8.9575788
            ],
            [
              125.5963275,
              8.9576139
            ],
            [
              125.5963694,
              8.9576473
            ],
            [
              125.5964097,
              8.9576872
            ],
            [
              125.5964468,
              8.9577286
            ],
            [
              125.5964839,
              8.9577732
            ],
            [
              125.5965161,
              8.9578226
            ],
            [
              125.5965436,
              8.9578719
            ],
            [
              125.5965661,
              8.9579229
            ],
            [
              125.5965855,
              8.9579771
            ],
            [
              125.5966016,
              8.9580344
            ],
            [
              125.5966105,
              8.958087
            ],
            [
              125.5966175,
              8.9581368
            ],
            [
              125.5966231,
              8.9581962
            ],
            [
              125.5966189,
              8.958264
            ],
            [
              125.5966095,
              8.9583158
            ],
            [
              125.5964206,
              8.9582886
            ]
          ]
        ]
      },
      "id": "way/1141068966"
    },
    {
      "type": "Feature",
      "properties": {
        "@id": "way/1141068969",
        "building": "university",
        "height": "8",
        "name": "Kinaadman Hall"
      },
      "geometry": {
        "type": "Polygon",
        "coordinates": [
          [
            [
              125.5974645,
              8.9562893
            ],
            [
              125.5974891,
              8.9561775
            ],
            [
              125.5978824,
              8.9562445
            ],
            [
              125.5979363,
              8.9559674
            ],
            [
              125.5975413,
              8.9558993
            ],
            [
              125.5975594,
              8.9557849
            ],
            [
              125.5976023,
              8.9557916
            ],
            [
              125.5976069,
              8.9557751
            ],
            [
              125.5979837,
              8.955843
            ],
            [
              125.5979799,
              8.9558748
            ],
            [
              125.5980494,
              8.9558856
            ],
            [
              125.5980444,
              8.9559293
            ],
            [
              125.5980919,
              8.9559389
            ],
            [
              125.5980848,
              8.9560022
            ],
            [
              125.5980713,
              8.9560002
            ],
            [
              125.5980213,
              8.9562694
            ],
            [
              125.5980342,
              8.956271
            ],
            [
              125.5980189,
              8.9563294
            ],
            [
              125.5979727,
              8.9563238
            ],
            [
              125.5979629,
              8.9563626
            ],
            [
              125.5979013,
              8.9563501
            ],
            [
              125.5978873,
              8.9563916
            ],
            [
              125.5974995,
              8.9563169
            ],
            [
              125.5975037,
              8.9562948
            ],
            [
              125.5974645,
              8.9562893
            ]
          ]
        ]
      },
      "id": "way/1141068969"
    },
    {
      "type": "Feature",
      "properties": {
        "@id": "way/1141068970",
        "building": "university",
        "height": "9",
        "name": "Batok Hall"
      },
      "geometry": {
        "type": "Polygon",
        "coordinates": [
          [
            [
              125.5968965,
              8.9582642
            ],
            [
              125.5969052,
              8.9582074
            ],
            [
              125.5968706,
              8.9582017
            ],
            [
              125.5969714,
              8.9576671
            ],
            [
              125.5970491,
              8.9576785
            ],
            [
              125.5970721,
              8.9575704
            ],
            [
              125.5978609,
              8.9577154
            ],
            [
              125.5978551,
              8.9577524
            ],
            [
              125.5978897,
              8.9577524
            ],
            [
              125.5977688,
              8.9584121
            ],
            [
              125.5973124,
              8.9583347
            ],
            [
              125.5971082,
              8.9583001
            ],
            [
              125.5968965,
              8.9582642
            ]
          ]
        ]
      },
      "id": "way/1141068970"
    },
    {
      "type": "Feature",
      "properties": {
        "@id": "way/1146521035",
        "building": "yes",
        "building:levels": "2",
        "layer": "1"
      },
      "geometry": {
        "type": "Polygon",
        "coordinates": [
          [
            [
              125.597694,
              8.9554566
            ],
            [
              125.5977015,
              8.9554104
            ],
            [
              125.5976343,
              8.9553975
            ],
            [
              125.5977055,
              8.9551042
            ],
            [
              125.5978102,
              8.9551268
            ],
            [
              125.5978735,
              8.9551423
            ],
            [
              125.598043,
              8.9551802
            ],
            [
              125.5980757,
              8.9551875
            ],
            [
              125.5982126,
              8.9552137
            ],
            [
              125.5982057,
              8.9552315
            ],
            [
              125.5982668,
              8.9552433
            ],
            [
              125.598197,
              8.9555385
            ],
            [
              125.5981514,
              8.9555264
            ],
            [
              125.5981479,
              8.9555453
            ],
            [
              125.5981124,
              8.9555384
            ],
            [
              125.597694,
              8.9554566
            ]
          ]
        ]
      },
      "id": "way/1146521035"
    },
    {
      "type": "Feature",
      "properties": {
        "@id": "way/1352812952",
        "building": "yes",
        "name": "Guard House"
      },
      "geometry": {
        "type": "Polygon",
        "coordinates": [
          [
            [
              125.5964388,
              8.9594749
            ],
            [
              125.5964585,
              8.9594015
            ],
            [
              125.5964614,
              8.9593908
            ],
            [
              125.5965112,
              8.9593969
            ],
            [
              125.5964942,
              8.9594843
            ],
            [
              125.5964388,
              8.9594749
            ]
          ]
        ]
      },
      "id": "way/1352812952"
    },
    {
      "type": "Feature",
      "properties": {
        "@id": "way/1352812953",
        "building": "house",
        "name": "President Building"
      },
      "geometry": {
        "type": "Polygon",
        "coordinates": [
          [
            [
              125.5979808,
              8.9582877
            ],
            [
              125.5979537,
              8.9582488
            ],
            [
              125.5979646,
              8.9582073
            ],
            [
              125.5980012,
              8.9581618
            ],
            [
              125.5981787,
              8.9581859
            ],
            [
              125.5981489,
              8.9583118
            ],
            [
              125.5979808,
              8.9582877
            ]
          ]
        ]
      },
      "id": "way/1352812953"
    },
    {
      "type": "Feature",
      "properties": {
        "@id": "way/1352812954",
        "building": "house",
        "name": "Diagnostic Building"
      },
      "geometry": {
        "type": "Polygon",
        "coordinates": [
          [
            [
              125.5980018,
              8.9580976
            ],
            [
              125.5980208,
              8.9579959
            ],
            [
              125.5981793,
              8.9579999
            ],
            [
              125.5981617,
              8.958119
            ],
            [
              125.5980018,
              8.9580976
            ]
          ]
        ]
      },
      "id": "way/1352812954"
    },
    {
      "type": "Feature",
      "properties": {
        "@id": "way/1352814975",
        "building": "yes",
        "height": "11",
        "name": "Masawa"
      },
      "geometry": {
        "type": "Polygon",
        "coordinates": [
          [
            [
              125.5984183,
              8.9557112
            ],
            [
              125.5984985,
              8.9553174
            ],
            [
              125.5989563,
              8.9554129
            ],
            [
              125.598869,
              8.9557997
            ],
            [
              125.5984183,
              8.9557112
            ]
          ]
        ]
      },
      "id": "way/1352814975"
    },
    {
      "type": "Feature",
      "properties": {
        "@id": "way/1379241862",
        "leaf_cycle": "mixed",
        "leaf_type": "mixed",
        "natural": "wood"
      },
      "geometry": {
        "type": "Polygon",
        "coordinates": [
          [
            [
              125.5967333,
              8.9587513
            ],
            [
              125.5967144,
              8.9586487
            ],
            [
              125.5968182,
              8.9585601
            ],
            [
              125.5968637,
              8.9585656
            ],
            [
              125.5969359,
              8.9585743
            ],
            [
              125.5974789,
              8.9586394
            ],
            [
              125.597493,
              8.9587186
            ],
            [
              125.5973986,
              8.959236
            ],
            [
              125.5972523,
              8.9591801
            ],
            [
              125.5971297,
              8.9592127
            ],
            [
              125.5970447,
              8.9592081
            ],
            [
              125.5969834,
              8.9591148
            ],
            [
              125.5968512,
              8.9590915
            ],
            [
              125.5968088,
              8.9590123
            ],
            [
              125.5968512,
              8.9589004
            ],
            [
              125.5968229,
              8.9588305
            ],
            [
              125.5967333,
              8.9587513
            ]
          ]
        ]
      },
      "id": "way/1379241862"
    },
    {
      "type": "Feature",
      "properties": {
        "@id": "way/1379241863",
        "leaf_cycle": "mixed",
        "leaf_type": "mixed",
        "natural": "wood"
      },
      "geometry": {
        "type": "Polygon",
        "coordinates": [
          [
            [
              125.5963589,
              8.9592298
            ],
            [
              125.5960662,
              8.9591805
            ],
            [
              125.5960289,
              8.9591406
            ],
            [
              125.5960099,
              8.9590941
            ],
            [
              125.5960132,
              8.9590597
            ],
            [
              125.5959671,
              8.9590445
            ],
            [
              125.5959195,
              8.9590291
            ],
            [
              125.5959166,
              8.9590119
            ],
            [
              125.5958866,
              8.9589961
            ],
            [
              125.5957988,
              8.958978
            ],
            [
              125.5957689,
              8.958963
            ],
            [
              125.5956983,
              8.9589312
            ],
            [
              125.5956992,
              8.9589003
            ],
            [
              125.595713,
              8.9588764
            ],
            [
              125.595747,
              8.9588389
            ],
            [
              125.5959151,
              8.9588822
            ],
            [
              125.5959395,
              8.9588785
            ],
            [
              125.5959887,
              8.9586665
            ],
            [
              125.5960576,
              8.9586472
            ],
            [
              125.5961048,
              8.95863
            ],
            [
              125.5961644,
              8.9586493
            ],
            [
              125.5962116,
              8.9586838
            ],
            [
              125.596228,
              8.9587112
            ],
            [
              125.5962989,
              8.9587061
            ],
            [
              125.596341,
              8.9587335
            ],
            [
              125.59634,
              8.958769
            ],
            [
              125.5963564,
              8.9587964
            ],
            [
              125.5963379,
              8.9587995
            ],
            [
              125.5963167,
              8.9587951
            ],
            [
              125.5962979,
              8.9587967
            ],
            [
              125.5962874,
              8.9588062
            ],
            [
              125.5962684,
              8.9588051
            ],
            [
              125.5962456,
              8.9589145
            ],
            [
              125.5963472,
              8.9589594
            ],
            [
              125.5963573,
              8.958991
            ],
            [
              125.5963546,
              8.9590383
            ],
            [
              125.5963702,
              8.9590931
            ],
            [
              125.5963763,
              8.9591125
            ],
            [
              125.5963715,
              8.9592109
            ],
            [
              125.5963589,
              8.9592298
            ]
          ]
        ]
      },
      "id": "way/1379241863"
    },
    {
      "type": "Feature",
      "properties": {
        "@id": "way/1379241864",
        "leaf_cycle": "mixed",
        "leaf_type": "mixed",
        "natural": "wood"
      },
      "geometry": {
        "type": "Polygon",
        "coordinates": [
          [
            [
              125.5967372,
              8.9574069
            ],
            [
              125.5967206,
              8.9573067
            ],
            [
              125.5967147,
              8.9572542
            ],
            [
              125.5967407,
              8.9571458
            ],
            [
              125.5967206,
              8.9570689
            ],
            [
              125.5967998,
              8.9569689
            ],
            [
              125.5967855,
              8.9569303
            ],
            [
              125.5967454,
              8.9567939
            ],
            [
              125.5967761,
              8.9567042
            ],
            [
              125.5968445,
              8.9566226
            ],
            [
              125.5968103,
              8.9565515
            ],
            [
              125.5968209,
              8.9564932
            ],
            [
              125.5968363,
              8.9563767
            ],
            [
              125.5968988,
              8.95628
            ],
            [
              125.5968693,
              8.9561973
            ],
            [
              125.596933,
              8.9561005
            ],
            [
              125.5969495,
              8.9558651
            ],
            [
              125.5970439,
              8.9557812
            ],
            [
              125.5971524,
              8.9557859
            ],
            [
              125.5968634,
              8.9573999
            ],
            [
              125.5967372,
              8.9574069
            ]
          ]
        ]
      },
      "id": "way/1379241864"
    },
    {
      "type": "Feature",
      "properties": {
        "@id": "way/1379241865",
        "leaf_cycle": "mixed",
        "leaf_type": "mixed",
        "natural": "wood"
      },
      "geometry": {
        "type": "Polygon",
        "coordinates": [
          [
            [
              125.59669,
              8.9572924
            ],
            [
              125.5967117,
              8.9572913
            ],
            [
              125.5967229,
              8.9573636
            ],
            [
              125.5966701,
              8.9573787
            ],
            [
              125.5965003,
              8.957367
            ],
            [
              125.5964475,
              8.9573435
            ],
            [
              125.5963753,
              8.9573305
            ],
            [
              125.5962686,
              8.9573174
            ],
            [
              125.596167,
              8.9573014
            ],
            [
              125.5960921,
              8.9573034
            ],
            [
              125.5959341,
              8.957269
            ],
            [
              125.5958684,
              8.9572497
            ],
            [
              125.5958109,
              8.9572132
            ],
            [
              125.5957934,
              8.9572071
            ],
            [
              125.5957339,
              8.9571959
            ],
            [
              125.5957441,
              8.9569961
            ],
            [
              125.5957986,
              8.9569271
            ],
            [
              125.5959463,
              8.9569029
            ],
            [
              125.596,
              8.9570124
            ],
            [
              125.5960536,
              8.9571025
            ],
            [
              125.5961108,
              8.9571643
            ],
            [
              125.5962539,
              8.9572085
            ],
            [
              125.5964023,
              8.9572367
            ],
            [
              125.5965668,
              8.957265
            ],
            [
              125.59669,
              8.9572924
            ]
          ]
        ]
      },
      "id": "way/1379241865"
    },
    {
      "type": "Feature",
      "properties": {
        "@id": "way/1379241866",
        "leaf_cycle": "mixed",
        "leaf_type": "mixed",
        "natural": "wood"
      },
      "geometry": {
        "type": "Polygon",
        "coordinates": [
          [
            [
              125.5959976,
              8.9567725
            ],
            [
              125.5958559,
              8.9566934
            ],
            [
              125.5958087,
              8.9566021
            ],
            [
              125.5958354,
              8.9564986
            ],
            [
              125.5958744,
              8.9563647
            ],
            [
              125.5960798,
              8.9563748
            ],
            [
              125.5961373,
              8.9564519
            ],
            [
              125.5961168,
              8.9565351
            ],
            [
              125.5960367,
              8.9565514
            ],
            [
              125.5959812,
              8.9565432
            ],
            [
              125.5959976,
              8.9565858
            ],
            [
              125.5960284,
              8.9566427
            ],
            [
              125.5960798,
              8.9567116
            ],
            [
              125.5959976,
              8.9567725
            ]
          ]
        ]
      },
      "id": "way/1379241866"
    },
    {
      "type": "Feature",
      "properties": {
        "@id": "way/1379241867",
        "leaf_cycle": "mixed",
        "leaf_type": "mixed",
        "natural": "wood"
      },
      "geometry": {
        "type": "Polygon",
        "coordinates": [
          [
            [
              125.59608,
              8.9563105
            ],
            [
              125.595965,
              8.9562811
            ],
            [
              125.5959937,
              8.9561776
            ],
            [
              125.5960428,
              8.9560261
            ],
            [
              125.5960071,
              8.9559676
            ],
            [
              125.5960307,
              8.9558794
            ],
            [
              125.5960728,
              8.9558429
            ],
            [
              125.5961745,
              8.955851
            ],
            [
              125.5962115,
              8.9558834
            ],
            [
              125.5962096,
              8.9559708
            ],
            [
              125.5961622,
              8.9560376
            ],
            [
              125.5961118,
              8.956059
            ],
            [
              125.5961201,
              8.9561452
            ],
            [
              125.5961057,
              8.9562324
            ],
            [
              125.59608,
              8.9563105
            ]
          ]
        ]
      },
      "id": "way/1379241867"
    },
    {
      "type": "Feature",
      "properties": {
        "@id": "way/1379241868",
        "leaf_cycle": "mixed",
        "leaf_type": "mixed",
        "natural": "wood"
      },
      "geometry": {
        "type": "Polygon",
        "coordinates": [
          [
            [
              125.5964713,
              8.9592677
            ],
            [
              125.5964795,
              8.95928
            ],
            [
              125.5964728,
              8.9593021
            ],
            [
              125.5964639,
              8.9593296
            ],
            [
              125.5964721,
              8.9593423
            ],
            [
              125.5964775,
              8.9593684
            ],
            [
              125.5964585,
              8.9594015
            ],
            [
              125.5964328,
              8.9594199
            ],
            [
              125.5964043,
              8.9594146
            ],
            [
              125.5963779,
              8.9594005
            ],
            [
              125.5963569,
              8.9593818
            ],
            [
              125.5963189,
              8.9593597
            ],
            [
              125.5963027,
              8.9593664
            ],
            [
              125.596281,
              8.9593711
            ],
            [
              125.5962417,
              8.959365
            ],
            [
              125.5961963,
              8.9593624
            ],
            [
              125.5961258,
              8.9593496
            ],
            [
              125.5960879,
              8.9593209
            ],
            [
              125.5960438,
              8.9593162
            ],
            [
              125.5960262,
              8.959345
            ],
            [
              125.5959802,
              8.9593403
            ],
            [
              125.5959564,
              8.9593142
            ],
            [
              125.5959226,
              8.9592994
            ],
            [
              125.5959002,
              8.9592887
            ],
            [
              125.5958751,
              8.9592907
            ],
            [
              125.5958399,
              8.9592907
            ],
            [
              125.5958067,
              8.9592687
            ],
            [
              125.5957816,
              8.9592934
            ],
            [
              125.5957159,
              8.9592513
            ],
            [
              125.5956786,
              8.9592452
            ],
            [
              125.5956346,
              8.9592626
            ],
            [
              125.5956,
              8.95926
            ],
            [
              125.5955716,
              8.9592425
            ],
            [
              125.5955458,
              8.9592359
            ],
            [
              125.5955262,
              8.9592533
            ],
            [
              125.5954774,
              8.9592419
            ],
            [
              125.5954415,
              8.9592144
            ],
            [
              125.5954096,
              8.9592084
            ],
            [
              125.5953859,
              8.959197
            ],
            [
              125.5953717,
              8.9592191
            ],
            [
              125.5953365,
              8.9592238
            ],
            [
              125.5952599,
              8.9592057
            ],
            [
              125.5952138,
              8.9591662
            ],
            [
              125.5952016,
              8.9591408
            ],
            [
              125.5951637,
              8.9591073
            ],
            [
              125.5952138,
              8.9590839
            ],
            [
              125.5952673,
              8.9590966
            ],
            [
              125.5953466,
              8.9591033
            ],
            [
              125.595409,
              8.9591174
            ],
            [
              125.5954439,
              8.959137
            ],
            [
              125.5955004,
              8.9591348
            ],
            [
              125.5956012,
              8.9591421
            ],
            [
              125.5956589,
              8.9591611
            ],
            [
              125.5957201,
              8.9591699
            ],
            [
              125.5957675,
              8.959185
            ],
            [
              125.5957935,
              8.9591916
            ],
            [
              125.5958167,
              8.9591863
            ],
            [
              125.5958574,
              8.9591942
            ],
            [
              125.5958869,
              8.9592238
            ],
            [
              125.5959495,
              8.9592349
            ],
            [
              125.5959969,
              8.959219
            ],
            [
              125.5960621,
              8.9592198
            ],
            [
              125.5960965,
              8.9592393
            ],
            [
              125.5961771,
              8.9592501
            ],
            [
              125.5962656,
              8.9592624
            ],
            [
              125.5963747,
              8.9592889
            ],
            [
              125.5963962,
              8.9592642
            ],
            [
              125.5964713,
              8.9592677
            ]
          ]
        ]
      },
      "id": "way/1379241868"
    },
    {
      "type": "Feature",
      "properties": {
        "@id": "way/1379241869",
        "leaf_cycle": "mixed",
        "leaf_type": "mixed",
        "natural": "wood"
      },
      "geometry": {
        "type": "Polygon",
        "coordinates": [
          [
            [
              125.5971301,
              8.9595163
            ],
            [
              125.5971158,
              8.9594871
            ],
            [
              125.5971257,
              8.9594545
            ],
            [
              125.5971489,
              8.9594112
            ],
            [
              125.5972084,
              8.9594092
            ],
            [
              125.5973948,
              8.9594331
            ],
            [
              125.5973966,
              8.9594724
            ],
            [
              125.5973814,
              8.959513
            ],
            [
              125.5973617,
              8.9595461
            ],
            [
              125.5973434,
              8.9595642
            ],
            [
              125.5973255,
              8.9595704
            ],
            [
              125.5972714,
              8.9595678
            ],
            [
              125.5972168,
              8.9595629
            ],
            [
              125.5971847,
              8.9595505
            ],
            [
              125.5971561,
              8.9595413
            ],
            [
              125.5971301,
              8.9595163
            ]
          ]
        ]
      },
      "id": "way/1379241869"
    },
    {
      "type": "Feature",
      "properties": {
        "@id": "way/1379241870",
        "leaf_cycle": "mixed",
        "leaf_type": "mixed",
        "natural": "wood"
      },
      "geometry": {
        "type": "Polygon",
        "coordinates": [
          [
            [
              125.5964301,
              8.958762
            ],
            [
              125.5964057,
              8.958758
            ],
            [
              125.5963874,
              8.9587453
            ],
            [
              125.596384,
              8.9587245
            ],
            [
              125.5963915,
              8.9586991
            ],
            [
              125.5964389,
              8.9586991
            ],
            [
              125.5964606,
              8.9587105
            ],
            [
              125.5964646,
              8.9587453
            ],
            [
              125.5964565,
              8.958762
            ],
            [
              125.5964301,
              8.958762
            ]
          ]
        ]
      },
      "id": "way/1379241870"
    },
    {
      "type": "Feature",
      "properties": {
        "@id": "way/1379241871",
        "leaf_cycle": "mixed",
        "leaf_type": "mixed",
        "natural": "wood"
      },
      "geometry": {
        "type": "Polygon",
        "coordinates": [
          [
            [
              125.5952885,
              8.9588284
            ],
            [
              125.5952484,
              8.9588426
            ],
            [
              125.5952268,
              8.9588304
            ],
            [
              125.5952114,
              8.9587888
            ],
            [
              125.5952176,
              8.9587371
            ],
            [
              125.595233,
              8.9586783
            ],
            [
              125.5952443,
              8.9586417
            ],
            [
              125.5951642,
              8.9586458
            ],
            [
              125.5951241,
              8.9586539
            ],
            [
              125.5950615,
              8.9586458
            ],
            [
              125.5950296,
              8.9586509
            ],
            [
              125.5950081,
              8.9586204
            ],
            [
              125.5949865,
              8.9586022
            ],
            [
              125.595045,
              8.9584997
            ],
            [
              125.5950574,
              8.9584581
            ],
            [
              125.5951714,
              8.9584896
            ],
            [
              125.595194,
              8.9585149
            ],
            [
              125.5952145,
              8.9585372
            ],
            [
              125.5952422,
              8.958523
            ],
            [
              125.5952556,
              8.9584733
            ],
            [
              125.5952915,
              8.958452
            ],
            [
              125.5953162,
              8.9584469
            ],
            [
              125.5953265,
              8.9584977
            ],
            [
              125.5953254,
              8.9585261
            ],
            [
              125.5953121,
              8.9585941
            ],
            [
              125.5953263,
              8.9586123
            ],
            [
              125.5952946,
              8.9586671
            ],
            [
              125.5952915,
              8.9586935
            ],
            [
              125.5953034,
              8.9587467
            ],
            [
              125.59531,
              8.9587817
            ],
            [
              125.5953429,
              8.9587767
            ],
            [
              125.5953634,
              8.9587909
            ],
            [
              125.5953686,
              8.9588193
            ],
            [
              125.5953398,
              8.9588436
            ],
            [
              125.595308,
              8.9588406
            ],
            [
              125.5952885,
              8.9588284
            ]
          ]
        ]
      },
      "id": "way/1379241871"
    },
    {
      "type": "Feature",
      "properties": {
        "@id": "way/1379241872",
        "leaf_cycle": "mixed",
        "leaf_type": "mixed",
        "natural": "wood"
      },
      "geometry": {
        "type": "Polygon",
        "coordinates": [
          [
            [
              125.5954988,
              8.9589242
            ],
            [
              125.59547,
              8.9589204
            ],
            [
              125.5954416,
              8.9589131
            ],
            [
              125.5954213,
              8.95889
            ],
            [
              125.5954116,
              8.9588608
            ],
            [
              125.5954097,
              8.9588401
            ],
            [
              125.5954217,
              8.9588155
            ],
            [
              125.595454,
              8.9588051
            ],
            [
              125.5954789,
              8.958802
            ],
            [
              125.5954961,
              8.9588285
            ],
            [
              125.5955062,
              8.9588324
            ],
            [
              125.5955307,
              8.9588316
            ],
            [
              125.59554,
              8.9588462
            ],
            [
              125.5955354,
              8.9588758
            ],
            [
              125.5955311,
              8.9588966
            ],
            [
              125.5955179,
              8.9589108
            ],
            [
              125.5954988,
              8.9589242
            ]
          ]
        ]
      },
      "id": "way/1379241872"
    },
    {
      "type": "Feature",
      "properties": {
        "@id": "way/1379241873",
        "leaf_cycle": "mixed",
        "leaf_type": "mixed",
        "natural": "wood"
      },
      "geometry": {
        "type": "Polygon",
        "coordinates": [
          [
            [
              125.5968177,
              8.958544
            ],
            [
              125.5967953,
              8.9585043
            ],
            [
              125.5968118,
              8.958474
            ],
            [
              125.5968425,
              8.9584612
            ],
            [
              125.5968059,
              8.9584402
            ],
            [
              125.5968083,
              8.9584158
            ],
            [
              125.5968283,
              8.9584006
            ],
            [
              125.5969168,
              8.9584146
            ],
            [
              125.5969546,
              8.9584239
            ],
            [
              125.5969746,
              8.9584309
            ],
            [
              125.5970466,
              8.9584426
            ],
            [
              125.5970843,
              8.9584519
            ],
            [
              125.5970726,
              8.9585416
            ],
            [
              125.5970714,
              8.9585778
            ],
            [
              125.5969359,
              8.9585743
            ],
            [
              125.5968637,
              8.9585656
            ],
            [
              125.5968177,
              8.958544
            ]
          ]
        ]
      },
      "id": "way/1379241873"
    },
    {
      "type": "Feature",
      "properties": {
        "@id": "way/1379241874",
        "leaf_cycle": "mixed",
        "leaf_type": "mixed",
        "natural": "wood"
      },
      "geometry": {
        "type": "Polygon",
        "coordinates": [
          [
            [
              125.5972731,
              8.9586011
            ],
            [
              125.5972584,
              8.958589
            ],
            [
              125.5972581,
              8.9585753
            ],
            [
              125.5972614,
              8.9585525
            ],
            [
              125.5972658,
              8.9585319
            ],
            [
              125.5972693,
              8.9585118
            ],
            [
              125.597267,
              8.9584849
            ],
            [
              125.5972614,
              8.9584774
            ],
            [
              125.5972975,
              8.9584768
            ],
            [
              125.5973508,
              8.9584899
            ],
            [
              125.5973843,
              8.9584937
            ],
            [
              125.5974582,
              8.9585064
            ],
            [
              125.597494,
              8.9585168
            ],
            [
              125.5975388,
              8.9585271
            ],
            [
              125.5976127,
              8.9585333
            ],
            [
              125.5977048,
              8.9585625
            ],
            [
              125.5977674,
              8.9585747
            ],
            [
              125.5978188,
              8.9585899
            ],
            [
              125.5978588,
              8.958594
            ],
            [
              125.5978671,
              8.9586224
            ],
            [
              125.5979102,
              8.9586437
            ],
            [
              125.5979246,
              8.9586853
            ],
            [
              125.5979133,
              8.9587025
            ],
            [
              125.5978619,
              8.9587015
            ],
            [
              125.5972731,
              8.9586011
            ]
          ]
        ]
      },
      "id": "way/1379241874"
    },
    {
      "type": "Feature",
      "properties": {
        "@id": "way/1379241875",
        "leaf_cycle": "mixed",
        "leaf_type": "mixed",
        "natural": "wood"
      },
      "geometry": {
        "type": "Polygon",
        "coordinates": [
          [
            [
              125.5980368,
              8.9586013
            ],
            [
              125.59801,
              8.9586101
            ],
            [
              125.5979832,
              8.9586074
            ],
            [
              125.5979233,
              8.958581
            ],
            [
              125.5978893,
              8.9585774
            ],
            [
              125.5978535,
              8.9585589
            ],
            [
              125.5977954,
              8.9585518
            ],
            [
              125.5977838,
              8.9585386
            ],
            [
              125.5978043,
              8.958467
            ],
            [
              125.5978079,
              8.9584246
            ],
            [
              125.5978195,
              8.9583875
            ],
            [
              125.597841,
              8.9583973
            ],
            [
              125.5978821,
              8.9583787
            ],
            [
              125.5979143,
              8.9583716
            ],
            [
              125.5979411,
              8.9583867
            ],
            [
              125.5979385,
              8.9584423
            ],
            [
              125.5979304,
              8.9584767
            ],
            [
              125.5979617,
              8.9584944
            ],
            [
              125.5979876,
              8.9584785
            ],
            [
              125.5980404,
              8.9584918
            ],
            [
              125.5980502,
              8.9585333
            ],
            [
              125.5980457,
              8.958588
            ],
            [
              125.5980368,
              8.9586013
            ]
          ]
        ]
      },
      "id": "way/1379241875"
    },
    {
      "type": "Feature",
      "properties": {
        "@id": "way/1379241876",
        "leaf_cycle": "mixed",
        "leaf_type": "mixed",
        "natural": "wood"
      },
      "geometry": {
        "type": "Polygon",
        "coordinates": [
          [
            [
              125.5981468,
              8.9586322
            ],
            [
              125.5981155,
              8.9586207
            ],
            [
              125.5981065,
              8.9585854
            ],
            [
              125.5980708,
              8.9585651
            ],
            [
              125.5980592,
              8.9585306
            ],
            [
              125.5980636,
              8.9584962
            ],
            [
              125.5980708,
              8.9584706
            ],
            [
              125.5980609,
              8.9584414
            ],
            [
              125.5980583,
              8.9584052
            ],
            [
              125.5980288,
              8.9583867
            ],
            [
              125.5980314,
              8.958354
            ],
            [
              125.5980636,
              8.9583496
            ],
            [
              125.5980842,
              8.9583328
            ],
            [
              125.5981244,
              8.9583575
            ],
            [
              125.5981423,
              8.9583805
            ],
            [
              125.5981736,
              8.9584237
            ],
            [
              125.598187,
              8.9584255
            ],
            [
              125.5982237,
              8.9584326
            ],
            [
              125.5982353,
              8.9584591
            ],
            [
              125.5982415,
              8.9584785
            ],
            [
              125.5982415,
              8.9585235
            ],
            [
              125.598238,
              8.9585562
            ],
            [
              125.5982237,
              8.9585836
            ],
            [
              125.5982201,
              8.9586021
            ],
            [
              125.5981924,
              8.958603
            ],
            [
              125.5981647,
              8.958618
            ],
            [
              125.5981664,
              8.9586339
            ],
            [
              125.5981468,
              8.9586322
            ]
          ]
        ]
      },
      "id": "way/1379241876"
    },
    {
      "type": "Feature",
      "properties": {
        "@id": "way/1379241877",
        "leaf_cycle": "mixed",
        "leaf_type": "mixed",
        "natural": "wood"
      },
      "geometry": {
        "type": "Polygon",
        "coordinates": [
          [
            [
              125.597642,
              8.9584199
            ],
            [
              125.5977057,
              8.9584212
            ],
            [
              125.5977491,
              8.9584279
            ],
            [
              125.597764,
              8.9584466
            ],
            [
              125.5977545,
              8.9585363
            ],
            [
              125.5976813,
              8.9585189
            ],
            [
              125.5976068,
              8.9585122
            ],
            [
              125.5974265,
              8.9584747
            ],
            [
              125.5973872,
              8.9584266
            ],
            [
              125.5973696,
              8.958373
            ],
            [
              125.59739,
              8.9583717
            ],
            [
              125.597642,
              8.9584199
            ]
          ]
        ]
      },
      "id": "way/1379241877"
    },
    {
      "type": "Feature",
      "properties": {
        "@id": "way/1379241878",
        "leaf_cycle": "mixed",
        "leaf_type": "mixed",
        "natural": "wood"
      },
      "geometry": {
        "type": "Polygon",
        "coordinates": [
          [
            [
              125.5972707,
              8.958444
            ],
            [
              125.5971487,
              8.9584158
            ],
            [
              125.5971094,
              8.9583944
            ],
            [
              125.597085,
              8.9583422
            ],
            [
              125.5971082,
              8.9583001
            ],
            [
              125.5973124,
              8.9583347
            ],
            [
              125.5973263,
              8.9583757
            ],
            [
              125.5973222,
              8.9584145
            ],
            [
              125.5972707,
              8.958444
            ]
          ]
        ]
      },
      "id": "way/1379241878"
    },
    {
      "type": "Feature",
      "properties": {
        "@id": "way/1379241879",
        "leaf_cycle": "mixed",
        "leaf_type": "mixed",
        "natural": "wood"
      },
      "geometry": {
        "type": "Polygon",
        "coordinates": [
          [
            [
              125.5980687,
              8.957981
            ],
            [
              125.5980344,
              8.9579518
            ],
            [
              125.5980144,
              8.9578936
            ],
            [
              125.5980344,
              8.9578283
            ],
            [
              125.5980675,
              8.9577933
            ],
            [
              125.5981135,
              8.9577747
            ],
            [
              125.5981017,
              8.9577409
            ],
            [
              125.5980911,
              8.9576861
            ],
            [
              125.5981029,
              8.9576582
            ],
            [
              125.5982444,
              8.957678
            ],
            [
              125.598327,
              8.9577607
            ],
            [
              125.5983778,
              8.9577747
            ],
            [
              125.5983907,
              8.957812
            ],
            [
              125.5983707,
              8.9578737
            ],
            [
              125.5982916,
              8.9579402
            ],
            [
              125.5982256,
              8.9579553
            ],
            [
              125.598202,
              8.9579891
            ],
            [
              125.5980687,
              8.957981
            ]
          ]
        ]
      },
      "id": "way/1379241879"
    },
    {
      "type": "Feature",
      "properties": {
        "@id": "way/1379241880",
        "leaf_cycle": "mixed",
        "leaf_type": "mixed",
        "natural": "wood"
      },
      "geometry": {
        "type": "Polygon",
        "coordinates": [
          [
            [
              125.5983754,
              8.9577525
            ],
            [
              125.5983435,
              8.9577316
            ],
            [
              125.5983471,
              8.9576989
            ],
            [
              125.5983341,
              8.95765
            ],
            [
              125.5983577,
              8.957615
            ],
            [
              125.5984285,
              8.9575801
            ],
            [
              125.598471,
              8.9575777
            ],
            [
              125.5985547,
              8.9576209
            ],
            [
              125.5985854,
              8.957643
            ],
            [
              125.5985795,
              8.9576803
            ],
            [
              125.59857,
              8.9577409
            ],
            [
              125.598563,
              8.9577875
            ],
            [
              125.5985476,
              8.9578434
            ],
            [
              125.5985075,
              8.9578504
            ],
            [
              125.5984615,
              8.9578516
            ],
            [
              125.5984167,
              8.9578376
            ],
            [
              125.5984096,
              8.9578003
            ],
            [
              125.5983754,
              8.9577525
            ]
          ]
        ]
      },
      "id": "way/1379241880"
    },
    {
      "type": "Feature",
      "properties": {
        "@id": "way/1379241881",
        "leaf_cycle": "mixed",
        "leaf_type": "mixed",
        "natural": "wood"
      },
      "geometry": {
        "type": "Polygon",
        "coordinates": [
          [
            [
              125.5981984,
              8.9583352
            ],
            [
              125.5981831,
              8.9583096
            ],
            [
              125.5981737,
              8.9582828
            ],
            [
              125.5981914,
              8.9582187
            ],
            [
              125.5981949,
              8.9581709
            ],
            [
              125.5981678,
              8.9581464
            ],
            [
              125.5981796,
              8.958101
            ],
            [
              125.5981831,
              8.9580577
            ],
            [
              125.5981858,
              8.958031
            ],
            [
              125.5981948,
              8.9580024
            ],
            [
              125.5982234,
              8.9579909
            ],
            [
              125.5982377,
              8.9579609
            ],
            [
              125.598269,
              8.9579539
            ],
            [
              125.5983057,
              8.957945
            ],
            [
              125.5983861,
              8.9578695
            ],
            [
              125.5984188,
              8.9578563
            ],
            [
              125.5984988,
              8.9578576
            ],
            [
              125.5985721,
              8.957858
            ],
            [
              125.598577,
              8.9579168
            ],
            [
              125.5985614,
              8.9580007
            ],
            [
              125.5985493,
              8.9580956
            ],
            [
              125.5985278,
              8.9582802
            ],
            [
              125.5985028,
              8.9583009
            ],
            [
              125.5984004,
              8.9582811
            ],
            [
              125.5983732,
              8.9582647
            ],
            [
              125.5983392,
              8.958221
            ],
            [
              125.5983034,
              8.9582131
            ],
            [
              125.598248,
              8.9582652
            ],
            [
              125.5982279,
              8.9583195
            ],
            [
              125.5982212,
              8.9583385
            ],
            [
              125.5982042,
              8.9583438
            ],
            [
              125.5981984,
              8.9583352
            ]
          ]
        ]
      },
      "id": "way/1379241881"
    },
    {
      "type": "Feature",
      "properties": {
        "@id": "way/1379241882",
        "leaf_cycle": "mixed",
        "leaf_type": "needleleaved",
        "natural": "wood"
      },
      "geometry": {
        "type": "Polygon",
        "coordinates": [
          [
            [
              125.597358,
              8.9563915
            ],
            [
              125.5973035,
              8.9564339
            ],
            [
              125.5972767,
              8.9564357
            ],
            [
              125.5972364,
              8.9564065
            ],
            [
              125.597232,
              8.9563686
            ],
            [
              125.59724,
              8.9562855
            ],
            [
              125.5972552,
              8.9562555
            ],
            [
              125.597274,
              8.9562228
            ],
            [
              125.5973518,
              8.9562237
            ],
            [
              125.5973875,
              8.9562608
            ],
            [
              125.5973983,
              8.9562794
            ],
            [
              125.597426,
              8.9562988
            ],
            [
              125.597426,
              8.9563624
            ],
            [
              125.5973947,
              8.956373
            ],
            [
              125.597358,
              8.9563915
            ]
          ]
        ]
      },
      "id": "way/1379241882"
    },
    {
      "type": "Feature",
      "properties": {
        "@id": "way/1379241883",
        "leaf_cycle": "mixed",
        "leaf_type": "mixed",
        "natural": "wood"
      },
      "geometry": {
        "type": "Polygon",
        "coordinates": [
          [
            [
              125.5983584,
              8.9570848
            ],
            [
              125.5982912,
              8.9570883
            ],
            [
              125.5982546,
              8.9570522
            ],
            [
              125.5981602,
              8.9570452
            ],
            [
              125.5981437,
              8.9570708
            ],
            [
              125.5981012,
              8.9570778
            ],
            [
              125.598057,
              8.9570574
            ],
            [
              125.5980623,
              8.9570032
            ],
            [
              125.5980735,
              8.9569659
            ],
            [
              125.5980776,
              8.9569257
            ],
            [
              125.5981053,
              8.9568919
            ],
            [
              125.5981584,
              8.9568372
            ],
            [
              125.5981997,
              8.9568267
            ],
            [
              125.5982699,
              8.9568308
            ],
            [
              125.598303,
              8.9568645
            ],
            [
              125.5983301,
              8.9569001
            ],
            [
              125.5983407,
              8.9569578
            ],
            [
              125.5983637,
              8.9569729
            ],
            [
              125.5984009,
              8.9570731
            ],
            [
              125.5983584,
              8.9570848
            ]
          ]
        ]
      },
      "id": "way/1379241883"
    },
    {
      "type": "Feature",
      "properties": {
        "@id": "way/1379241884",
        "leaf_cycle": "mixed",
        "leaf_type": "mixed",
        "natural": "wood"
      },
      "geometry": {
        "type": "Polygon",
        "coordinates": [
          [
            [
              125.5985801,
              8.9559053
            ],
            [
              125.5986176,
              8.9559636
            ],
            [
              125.5985676,
              8.9560431
            ],
            [
              125.5985694,
              8.9560749
            ],
            [
              125.5986033,
              8.9560926
            ],
            [
              125.5986802,
              8.9560961
            ],
            [
              125.5987428,
              8.9561085
            ],
            [
              125.5988108,
              8.9561173
            ],
            [
              125.5988608,
              8.9561526
            ],
            [
              125.598868,
              8.9562021
            ],
            [
              125.5987983,
              8.956384
            ],
            [
              125.5987965,
              8.9564865
            ],
            [
              125.5987786,
              8.9566755
            ],
            [
              125.59875,
              8.9567602
            ],
            [
              125.5986784,
              8.9568627
            ],
            [
              125.598648,
              8.9568962
            ],
            [
              125.5986123,
              8.9568962
            ],
            [
              125.5985318,
              8.9568697
            ],
            [
              125.5984192,
              8.956838
            ],
            [
              125.5983941,
              8.9567585
            ],
            [
              125.5983065,
              8.9567249
            ],
            [
              125.5982153,
              8.9567496
            ],
            [
              125.5981581,
              8.9566825
            ],
            [
              125.5981778,
              8.9566136
            ],
            [
              125.5981492,
              8.9565677
            ],
            [
              125.5981849,
              8.9564723
            ],
            [
              125.5981939,
              8.9563734
            ],
            [
              125.5982135,
              8.9562939
            ],
            [
              125.5982439,
              8.956218
            ],
            [
              125.5982761,
              8.956218
            ],
            [
              125.5982976,
              8.9561667
            ],
            [
              125.5982582,
              8.9561085
            ],
            [
              125.5982815,
              8.9560449
            ],
            [
              125.5983673,
              8.9559813
            ],
            [
              125.598446,
              8.9559689
            ],
            [
              125.5984907,
              8.9559106
            ],
            [
              125.5985801,
              8.9559053
            ]
          ]
        ]
      },
      "id": "way/1379241884"
    },
    {
      "type": "Feature",
      "properties": {
        "@id": "way/1379241885",
        "leaf_cycle": "mixed",
        "leaf_type": "broadleaved",
        "natural": "wood"
      },
      "geometry": {
        "type": "Polygon",
        "coordinates": [
          [
            [
              125.5971643,
              8.9557049
            ],
            [
              125.5971437,
              8.9557191
            ],
            [
              125.5971263,
              8.9557099
            ],
            [
              125.5970931,
              8.9556878
            ],
            [
              125.597117,
              8.9555817
            ],
            [
              125.5971499,
              8.9555791
            ],
            [
              125.597192,
              8.9555851
            ],
            [
              125.5971643,
              8.9557049
            ]
          ]
        ]
      },
      "id": "way/1379241885"
    },
    {
      "type": "Feature",
      "properties": {
        "@id": "way/1379241886",
        "leaf_cycle": "mixed",
        "leaf_type": "mixed",
        "natural": "wood"
      },
      "geometry": {
        "type": "Polygon",
        "coordinates": [
          [
            [
              125.5971774,
              8.9555343
            ],
            [
              125.5970953,
              8.9555221
            ],
            [
              125.5970152,
              8.9555019
            ],
            [
              125.596972,
              8.9554592
            ],
            [
              125.5968796,
              8.9554775
            ],
            [
              125.5967995,
              8.9554613
            ],
            [
              125.596744,
              8.955445
            ],
            [
              125.5966372,
              8.9554126
            ],
            [
              125.5966331,
              8.9553314
            ],
            [
              125.5966824,
              8.9553253
            ],
            [
              125.5967646,
              8.9553477
            ],
            [
              125.5968034,
              8.9551978
            ],
            [
              125.596946,
              8.955219
            ],
            [
              125.5969629,
              8.9550924
            ],
            [
              125.5969917,
              8.9551216
            ],
            [
              125.5970189,
              8.9551224
            ],
            [
              125.5970547,
              8.9551262
            ],
            [
              125.5970928,
              8.9551154
            ],
            [
              125.5971364,
              8.9550532
            ],
            [
              125.5971642,
              8.9548987
            ],
            [
              125.5971845,
              8.9548666
            ],
            [
              125.5973132,
              8.9548827
            ],
            [
              125.5971953,
              8.9555413
            ],
            [
              125.5971774,
              8.9555343
            ]
          ]
        ]
      },
      "id": "way/1379241886"
    },
    {
      "type": "Feature",
      "properties": {
        "@id": "way/1379241887",
        "leaf_cycle": "mixed",
        "leaf_type": "mixed",
        "natural": "wood"
      },
      "geometry": {
        "type": "Polygon",
        "coordinates": [
          [
            [
              125.5973133,
              8.9548763
            ],
            [
              125.5971708,
              8.9548441
            ],
            [
              125.5971458,
              8.9548848
            ],
            [
              125.5970528,
              8.9548971
            ],
            [
              125.5969741,
              8.9548283
            ],
            [
              125.5969473,
              8.95486
            ],
            [
              125.5969169,
              8.9549219
            ],
            [
              125.5969312,
              8.9549554
            ],
            [
              125.5969062,
              8.9550367
            ],
            [
              125.5968454,
              8.9550331
            ],
            [
              125.5968275,
              8.9549254
            ],
            [
              125.5967703,
              8.9549113
            ],
            [
              125.596747,
              8.9549537
            ],
            [
              125.5967488,
              8.9550243
            ],
            [
              125.5968186,
              8.9550967
            ],
            [
              125.5968078,
              8.9551462
            ],
            [
              125.5966809,
              8.9551197
            ],
            [
              125.5966433,
              8.9552999
            ],
            [
              125.5966093,
              8.9553264
            ],
            [
              125.5966041,
              8.9554147
            ],
            [
              125.5961535,
              8.9553264
            ],
            [
              125.5963699,
              8.9540925
            ],
            [
              125.5965563,
              8.9541225
            ],
            [
              125.5965337,
              8.9542254
            ],
            [
              125.596527,
              8.9542802
            ],
            [
              125.5966467,
              8.954301
            ],
            [
              125.5966708,
              8.9542853
            ],
            [
              125.5967382,
              8.9542667
            ],
            [
              125.5968412,
              8.9542801
            ],
            [
              125.5969198,
              8.9542828
            ],
            [
              125.5969821,
              8.9542667
            ],
            [
              125.5970932,
              8.9542453
            ],
            [
              125.597161,
              8.9542506
            ],
            [
              125.5973995,
              8.9542908
            ],
            [
              125.5973133,
              8.9548763
            ]
          ]
        ]
      },
      "id": "way/1379241887"
    },
    {
      "type": "Feature",
      "properties": {
        "@id": "way/1379241888",
        "leaf_cycle": "mixed",
        "leaf_type": "mixed",
        "natural": "wood"
      },
      "geometry": {
        "type": "Polygon",
        "coordinates": [
          [
            [
              125.5959163,
              8.9552778
            ],
            [
              125.5959114,
              8.9551706
            ],
            [
              125.5959727,
              8.9551706
            ],
            [
              125.5960057,
              8.9549725
            ],
            [
              125.5955975,
              8.9548863
            ],
            [
              125.5957981,
              8.9538398
            ],
            [
              125.5959939,
              8.9537675
            ],
            [
              125.5962417,
              8.9538235
            ],
            [
              125.5962204,
              8.9539493
            ],
            [
              125.5963384,
              8.9539656
            ],
            [
              125.5963384,
              8.9540519
            ],
            [
              125.5962983,
              8.9542267
            ],
            [
              125.596152,
              8.9542104
            ],
            [
              125.5961426,
              8.9542779
            ],
            [
              125.5960317,
              8.9542686
            ],
            [
              125.5959987,
              8.9544574
            ],
            [
              125.5962393,
              8.954511
            ],
            [
              125.596177,
              8.9548827
            ],
            [
              125.5961735,
              8.954941
            ],
            [
              125.5962042,
              8.9549526
            ],
            [
              125.5961369,
              8.9553255
            ],
            [
              125.5960543,
              8.9553139
            ],
            [
              125.5959163,
              8.9552778
            ]
          ]
        ]
      },
      "id": "way/1379241888"
    },
    {
      "type": "Feature",
      "properties": {
        "@id": "way/1379241889",
        "leaf_cycle": "mixed",
        "leaf_type": "mixed",
        "natural": "wood"
      },
      "geometry": {
        "type": "Polygon",
        "coordinates": [
          [
            [
              125.5980125,
              8.9546525
            ],
            [
              125.5979794,
              8.9546922
            ],
            [
              125.5978355,
              8.9546595
            ],
            [
              125.59776,
              8.9546292
            ],
            [
              125.5977317,
              8.9545756
            ],
            [
              125.5976986,
              8.9545477
            ],
            [
              125.597668,
              8.954529
            ],
            [
              125.5976562,
              8.9544591
            ],
            [
              125.597583,
              8.9544521
            ],
            [
              125.5975736,
              8.9543705
            ],
            [
              125.597609,
              8.9543239
            ],
            [
              125.5976255,
              8.9542633
            ],
            [
              125.5975948,
              8.9541771
            ],
            [
              125.5974957,
              8.9541887
            ],
            [
              125.5975264,
              8.9540512
            ],
            [
              125.5976963,
              8.9540699
            ],
            [
              125.5977553,
              8.9540326
            ],
            [
              125.5977624,
              8.9539463
            ],
            [
              125.5977812,
              8.9538228
            ],
            [
              125.5978143,
              8.9537506
            ],
            [
              125.5977624,
              8.9535641
            ],
            [
              125.5978119,
              8.9535385
            ],
            [
              125.5989987,
              8.9537319
            ],
            [
              125.5991898,
              8.9538951
            ],
            [
              125.598994,
              8.9550231
            ],
            [
              125.5988878,
              8.9550325
            ],
            [
              125.5988076,
              8.9549998
            ],
            [
              125.5987486,
              8.9549113
            ],
            [
              125.598725,
              8.9548064
            ],
            [
              125.5986731,
              8.9547271
            ],
            [
              125.5985905,
              8.9546479
            ],
            [
              125.5985221,
              8.9546269
            ],
            [
              125.5984961,
              8.9544731
            ],
            [
              125.5985127,
              8.954289
            ],
            [
              125.5984348,
              8.9541654
            ],
            [
              125.5982979,
              8.9541468
            ],
            [
              125.5981682,
              8.9541421
            ],
            [
              125.5981021,
              8.9541817
            ],
            [
              125.5980101,
              8.954254
            ],
            [
              125.598029,
              8.9543263
            ],
            [
              125.5980667,
              8.9543542
            ],
            [
              125.5980455,
              8.9544358
            ],
            [
              125.5979582,
              8.9544218
            ],
            [
              125.5979252,
              8.954585
            ],
            [
              125.5980077,
              8.9546129
            ],
            [
              125.5980125,
              8.9546525
            ]
          ]
        ]
      },
      "id": "way/1379241889"
    },
    {
      "type": "Feature",
      "properties": {
        "@id": "way/1379241890",
        "leaf_cycle": "mixed",
        "leaf_type": "mixed",
        "natural": "wood"
      },
      "geometry": {
        "type": "Polygon",
        "coordinates": [
          [
            [
              125.5982783,
              8.9547559
            ],
            [
              125.5981984,
              8.9547512
            ],
            [
              125.5981523,
              8.9547418
            ],
            [
              125.5981265,
              8.9547037
            ],
            [
              125.5981652,
              8.9546434
            ],
            [
              125.5982139,
              8.9546454
            ],
            [
              125.5982797,
              8.9546595
            ],
            [
              125.5983014,
              8.9546729
            ],
            [
              125.5983156,
              8.9546943
            ],
            [
              125.5983047,
              8.9547344
            ],
            [
              125.5982783,
              8.9547559
            ]
          ]
        ]
      },
      "id": "way/1379241890"
    },
    {
      "type": "Feature",
      "properties": {
        "@id": "way/1379241891",
        "leaf_cycle": "mixed",
        "leaf_type": "mixed",
        "natural": "wood"
      },
      "geometry": {
        "type": "Polygon",
        "coordinates": [
          [
            [
              125.5974406,
              8.9539028
            ],
            [
              125.5974205,
              8.9539307
            ],
            [
              125.597325,
              8.9539307
            ],
            [
              125.5973214,
              8.9539004
            ],
            [
              125.5973344,
              8.9538503
            ],
            [
              125.5973521,
              8.9537909
            ],
            [
              125.597417,
              8.9537641
            ],
            [
              125.5974878,
              8.9537641
            ],
            [
              125.5975055,
              8.9537769
            ],
            [
              125.5974972,
              8.9538398
            ],
            [
              125.5974783,
              8.9538701
            ],
            [
              125.5974406,
              8.9539028
            ]
          ]
        ]
      },
      "id": "way/1379241891"
    },
    {
      "type": "Feature",
      "properties": {
        "@id": "way/1379241892",
        "leaf_cycle": "mixed",
        "leaf_type": "mixed",
        "natural": "wood"
      },
      "geometry": {
        "type": "Polygon",
        "coordinates": [
          [
            [
              125.5973568,
              8.9542291
            ],
            [
              125.5972589,
              8.9542151
            ],
            [
              125.5972601,
              8.9541825
            ],
            [
              125.5973155,
              8.9541452
            ],
            [
              125.597345,
              8.9541312
            ],
            [
              125.5973568,
              8.9540962
            ],
            [
              125.5973545,
              8.9540414
            ],
            [
              125.5973379,
              8.9540216
            ],
            [
              125.5973698,
              8.9540042
            ],
            [
              125.5974441,
              8.9540193
            ],
            [
              125.5974618,
              8.9540484
            ],
            [
              125.5974288,
              8.9542384
            ],
            [
              125.5973568,
              8.9542291
            ]
          ]
        ]
      },
      "id": "way/1379241892"
    },
    {
      "type": "Feature",
      "properties": {
        "@id": "way/1379241893",
        "leaf_cycle": "mixed",
        "leaf_type": "mixed",
        "natural": "wood"
      },
      "geometry": {
        "type": "Polygon",
        "coordinates": [
          [
            [
              125.5969191,
              8.9539375
            ],
            [
              125.5968717,
              8.9539495
            ],
            [
              125.5968256,
              8.9539495
            ],
            [
              125.5967769,
              8.9539643
            ],
            [
              125.5967416,
              8.9539857
            ],
            [
              125.5966251,
              8.9539817
            ],
            [
              125.5966061,
              8.9540379
            ],
            [
              125.5965844,
              8.9540941
            ],
            [
              125.5965397,
              8.9540794
            ],
            [
              125.596495,
              8.9540526
            ],
            [
              125.5964665,
              8.9539951
            ],
            [
              125.5964923,
              8.953975
            ],
            [
              125.5965478,
              8.9539857
            ],
            [
              125.596558,
              8.9539366
            ],
            [
              125.5965831,
              8.9538639
            ],
            [
              125.5969097,
              8.9539214
            ],
            [
              125.5969191,
              8.9539375
            ]
          ]
        ]
      },
      "id": "way/1379241893"
    },
    {
      "type": "Feature",
      "properties": {
        "@id": "way/1379241894",
        "leaf_cycle": "mixed",
        "leaf_type": "mixed",
        "natural": "wood"
      },
      "geometry": {
        "type": "Polygon",
        "coordinates": [
          [
            [
              125.5964692,
              8.9540473
            ],
            [
              125.5963622,
              8.9540499
            ],
            [
              125.5963364,
              8.9539469
            ],
            [
              125.5963337,
              8.953821
            ],
            [
              125.5963839,
              8.953821
            ],
            [
              125.5964882,
              8.9538478
            ],
            [
              125.5964774,
              8.953896
            ],
            [
              125.5964706,
              8.9539629
            ],
            [
              125.5964476,
              8.9540031
            ],
            [
              125.5964692,
              8.9540473
            ]
          ]
        ]
      },
      "id": "way/1379241894"
    },
    {
      "type": "Feature",
      "properties": {
        "@id": "way/1379241895",
        "leaf_cycle": "mixed",
        "leaf_type": "mixed",
        "natural": "wood"
      },
      "geometry": {
        "type": "Polygon",
        "coordinates": [
          [
            [
              125.5975497,
              8.9533331
            ],
            [
              125.5975201,
              8.9533239
            ],
            [
              125.5975465,
              8.9531271
            ],
            [
              125.5974765,
              8.9531132
            ],
            [
              125.5974345,
              8.9530779
            ],
            [
              125.5973722,
              8.9530625
            ],
            [
              125.5973286,
              8.9530363
            ],
            [
              125.5973286,
              8.9529872
            ],
            [
              125.5975866,
              8.9530238
            ],
            [
              125.5976001,
              8.952914
            ],
            [
              125.597405,
              8.9528832
            ],
            [
              125.5973806,
              8.9528477
            ],
            [
              125.5973467,
              8.9528437
            ],
            [
              125.5973068,
              8.9528571
            ],
            [
              125.5972675,
              8.9528611
            ],
            [
              125.5972342,
              8.9528457
            ],
            [
              125.5972092,
              8.9528216
            ],
            [
              125.5971916,
              8.9530654
            ],
            [
              125.5971528,
              8.9532975
            ],
            [
              125.597164,
              8.9533187
            ],
            [
              125.5974943,
              8.9533664
            ],
            [
              125.5974965,
              8.9533969
            ],
            [
              125.597518,
              8.9534066
            ],
            [
              125.5975095,
              8.9534287
            ],
            [
              125.5971344,
              8.9533704
            ],
            [
              125.5970786,
              8.9533889
            ],
            [
              125.5970373,
              8.9534034
            ],
            [
              125.5969808,
              8.9534268
            ],
            [
              125.596875,
              8.9534278
            ],
            [
              125.5967733,
              8.9533852
            ],
            [
              125.5967528,
              8.9533395
            ],
            [
              125.5966943,
              8.9533568
            ],
            [
              125.5966943,
              8.9533892
            ],
            [
              125.5966491,
              8.9533913
            ],
            [
              125.5966183,
              8.9533771
            ],
            [
              125.596609,
              8.9533405
            ],
            [
              125.5965648,
              8.9533182
            ],
            [
              125.5965166,
              8.953305
            ],
            [
              125.5964693,
              8.9533091
            ],
            [
              125.5964098,
              8.9533071
            ],
            [
              125.5962793,
              8.9532908
            ],
            [
              125.5962259,
              8.9532645
            ],
            [
              125.5958879,
              8.9531799
            ],
            [
              125.5959415,
              8.9528231
            ],
            [
              125.5961257,
              8.9528107
            ],
            [
              125.5962098,
              8.9528672
            ],
            [
              125.5964583,
              8.9528814
            ],
            [
              125.5965084,
              8.9527259
            ],
            [
              125.5965745,
              8.9526747
            ],
            [
              125.5965674,
              8.952597
            ],
            [
              125.5965888,
              8.9525458
            ],
            [
              125.5966729,
              8.9525917
            ],
            [
              125.5966908,
              8.9527259
            ],
            [
              125.5967963,
              8.9527418
            ],
            [
              125.5968481,
              8.9526588
            ],
            [
              125.5969268,
              8.9526341
            ],
            [
              125.5970055,
              8.9526782
            ],
            [
              125.5970073,
              8.9526253
            ],
            [
              125.5970895,
              8.9526288
            ],
            [
              125.5971276,
              8.9523807
            ],
            [
              125.5977474,
              8.9524855
            ],
            [
              125.5977298,
              8.9525742
            ],
            [
              125.597514,
              8.9525454
            ],
            [
              125.5975065,
              8.9525902
            ],
            [
              125.5973883,
              8.9525742
            ],
            [
              125.5973656,
              8.952696
            ],
            [
              125.5976258,
              8.9527331
            ],
            [
              125.5976464,
              8.9525702
            ],
            [
              125.5977318,
              8.9525819
            ],
            [
              125.5976011,
              8.953266
            ],
            [
              125.5975785,
              8.953268
            ],
            [
              125.5975651,
              8.9533167
            ],
            [
              125.5975497,
              8.9533331
            ]
          ]
        ]
      },
      "id": "way/1379241895"
    },
    {
      "type": "Feature",
      "properties": {
        "@id": "way/1379241896",
        "leaf_cycle": "mixed",
        "leaf_type": "mixed",
        "natural": "wood"
      },
      "geometry": {
        "type": "Polygon",
        "coordinates": [
          [
            [
              125.5978826,
              8.9534628
            ],
            [
              125.5977902,
              8.9534364
            ],
            [
              125.5976341,
              8.953408
            ],
            [
              125.5977101,
              8.9529271
            ],
            [
              125.5979258,
              8.9529433
            ],
            [
              125.5979607,
              8.9529433
            ],
            [
              125.5979278,
              8.9530306
            ],
            [
              125.5978991,
              8.9530732
            ],
            [
              125.5978847,
              8.9532497
            ],
            [
              125.5979484,
              8.9533106
            ],
            [
              125.5979299,
              8.95341
            ],
            [
              125.5978826,
              8.9534628
            ]
          ]
        ]
      },
      "id": "way/1379241896"
    },
    {
      "type": "Feature",
      "properties": {
        "@id": "way/1379241897",
        "leaf_cycle": "mixed",
        "leaf_type": "mixed",
        "natural": "wood"
      },
      "geometry": {
        "type": "Polygon",
        "coordinates": [
          [
            [
              125.59839,
              8.9534689
            ],
            [
              125.5985153,
              8.9535216
            ],
            [
              125.5984927,
              8.9535967
            ],
            [
              125.5979956,
              8.9535033
            ],
            [
              125.5979956,
              8.9534547
            ],
            [
              125.598049,
              8.9534262
            ],
            [
              125.59839,
              8.9534689
            ]
          ]
        ]
      },
      "id": "way/1379241897"
    },
    {
      "type": "Feature",
      "properties": {
        "@id": "way/1379241898",
        "leaf_cycle": "mixed",
        "leaf_type": "mixed",
        "natural": "wood"
      },
      "geometry": {
        "type": "Polygon",
        "coordinates": [
          [
            [
              125.5982728,
              8.9529844
            ],
            [
              125.598163,
              8.952963
            ],
            [
              125.5980831,
              8.952951
            ],
            [
              125.5979801,
              8.9529349
            ],
            [
              125.5979586,
              8.9529232
            ],
            [
              125.5979712,
              8.9528366
            ],
            [
              125.597972,
              8.9528163
            ],
            [
              125.5979586,
              8.9527986
            ],
            [
              125.5979247,
              8.952773
            ],
            [
              125.5979345,
              8.9527315
            ],
            [
              125.597956,
              8.9527156
            ],
            [
              125.5979774,
              8.9527227
            ],
            [
              125.5979846,
              8.9527269
            ],
            [
              125.5979762,
              8.9527728
            ],
            [
              125.5980922,
              8.9527951
            ],
            [
              125.5981274,
              8.9526135
            ],
            [
              125.5980108,
              8.9525915
            ],
            [
              125.5979936,
              8.9526764
            ],
            [
              125.5979261,
              8.952666
            ],
            [
              125.5979378,
              8.9525961
            ],
            [
              125.5978813,
              8.9525845
            ],
            [
              125.5978755,
              8.9525711
            ],
            [
              125.5978959,
              8.9525538
            ],
            [
              125.5979204,
              8.9525073
            ],
            [
              125.5995066,
              8.9527904
            ],
            [
              125.5994228,
              8.9532694
            ],
            [
              125.5993196,
              8.9532444
            ],
            [
              125.5992925,
              8.953196
            ],
            [
              125.598971,
              8.9531377
            ],
            [
              125.5988831,
              8.953129
            ],
            [
              125.5987468,
              8.9531605
            ],
            [
              125.5987527,
              8.953094
            ],
            [
              125.5985088,
              8.9530501
            ],
            [
              125.598487,
              8.9530716
            ],
            [
              125.5984512,
              8.9530437
            ],
            [
              125.5984442,
              8.9530237
            ],
            [
              125.5984786,
              8.9528169
            ],
            [
              125.5984935,
              8.9527088
            ],
            [
              125.5983661,
              8.9526887
            ],
            [
              125.598348,
              8.9527763
            ],
            [
              125.5983427,
              8.9527862
            ],
            [
              125.5983267,
              8.9527996
            ],
            [
              125.5982937,
              8.9529843
            ],
            [
              125.5982748,
              8.9529773
            ],
            [
              125.5983108,
              8.9527007
            ],
            [
              125.5982182,
              8.9526796
            ],
            [
              125.5981855,
              8.9528841
            ],
            [
              125.5982817,
              8.952899
            ],
            [
              125.5982728,
              8.9529844
            ]
          ]
        ]
      },
      "id": "way/1379241898"
    },
    {
      "type": "Feature",
      "properties": {
        "@id": "way/1379241899",
        "leaf_cycle": "mixed",
        "leaf_type": "mixed",
        "natural": "wood"
      },
      "geometry": {
        "type": "Polygon",
        "coordinates": [
          [
            [
              125.5964477,
              8.9537957
            ],
            [
              125.5963618,
              8.9537763
            ],
            [
              125.5963994,
              8.9535767
            ],
            [
              125.5963475,
              8.9535519
            ],
            [
              125.5963529,
              8.9535202
            ],
            [
              125.5963636,
              8.9534972
            ],
            [
              125.5964208,
              8.9534884
            ],
            [
              125.596403,
              8.9534389
            ],
            [
              125.5964316,
              8.9533312
            ],
            [
              125.596487,
              8.9533312
            ],
            [
              125.596512,
              8.9533612
            ],
            [
              125.5965299,
              8.9533753
            ],
            [
              125.5965103,
              8.9534601
            ],
            [
              125.5965424,
              8.953506
            ],
            [
              125.5965353,
              8.9535749
            ],
            [
              125.5964924,
              8.9535784
            ],
            [
              125.596487,
              8.9536385
            ],
            [
              125.5964924,
              8.9536791
            ],
            [
              125.5964816,
              8.9537268
            ],
            [
              125.5964495,
              8.9537356
            ],
            [
              125.5964477,
              8.9537957
            ]
          ]
        ]
      },
      "id": "way/1379241899"
    },
    {
      "type": "Feature",
      "properties": {
        "@id": "way/1379241900",
        "leaf_cycle": "mixed",
        "leaf_type": "mixed",
        "natural": "wood"
      },
      "geometry": {
        "type": "Polygon",
        "coordinates": [
          [
            [
              125.5968978,
              8.9538849
            ],
            [
              125.596752,
              8.9538612
            ],
            [
              125.5967417,
              8.9538308
            ],
            [
              125.5967381,
              8.9538215
            ],
            [
              125.5967546,
              8.9538078
            ],
            [
              125.5967967,
              8.9537959
            ],
            [
              125.5968409,
              8.9538016
            ],
            [
              125.5969053,
              8.9537928
            ],
            [
              125.5969254,
              8.9538246
            ],
            [
              125.5969366,
              8.9538471
            ],
            [
              125.5969285,
              8.953867
            ],
            [
              125.5968978,
              8.9538849
            ]
          ]
        ]
      },
      "id": "way/1379241900"
    },
    {
      "type": "Feature",
      "properties": {
        "@id": "way/1379241901",
        "leaf_cycle": "mixed",
        "leaf_type": "mixed",
        "natural": "wood"
      },
      "geometry": {
        "type": "Polygon",
        "coordinates": [
          [
            [
              125.5972365,
              8.956712
            ],
            [
              125.5971852,
              8.9566876
            ],
            [
              125.5971502,
              8.956645
            ],
            [
              125.5971667,
              8.9565963
            ],
            [
              125.5971256,
              8.9565902
            ],
            [
              125.5971461,
              8.9565375
            ],
            [
              125.5971995,
              8.9564908
            ],
            [
              125.5972961,
              8.956503
            ],
            [
              125.5973002,
              8.9565314
            ],
            [
              125.5972714,
              8.9567039
            ],
            [
              125.5972365,
              8.956712
            ]
          ]
        ]
      },
      "id": "way/1379241901"
    },
    {
      "type": "Feature",
      "properties": {
        "@id": "way/1380607471",
        "building": "yes",
        "height": "7"
      },
      "geometry": {
        "type": "Polygon",
        "coordinates": [
          [
            [
              125.5982317,
              8.9573557
            ],
            [
              125.598172,
              8.9576502
            ],
            [
              125.5980718,
              8.9576315
            ],
            [
              125.5981598,
              8.9571496
            ],
            [
              125.5984932,
              8.9572085
            ],
            [
              125.5984526,
              8.9573972
            ],
            [
              125.5982317,
              8.9573557
            ]
          ]
        ]
      },
      "id": "way/1380607471"
    },
    {
      "type": "Feature",
      "properties": {
        "@id": "way/152980680",
        "access": "private",
        "highway": "service"
      },
      "geometry": {
        "type": "LineString",
        "coordinates": [
          [
            125.5965146,
            8.9594878
          ],
          [
            125.5965422,
            8.959332
          ],
          [
            125.5967148,
            8.9583578
          ],
          [
            125.596876,
            8.9574475
          ],
          [
            125.596929,
            8.9571485
          ],
          [
            125.596969,
            8.9569222
          ],
          [
            125.5969987,
            8.956755
          ],
          [
            125.5971212,
            8.9560634
          ],
          [
            125.5971435,
            8.9559375
          ],
          [
            125.5971461,
            8.9559229
          ],
          [
            125.597208,
            8.9555731
          ],
          [
            125.5972674,
            8.9552377
          ],
          [
            125.597347,
            8.9547882
          ],
          [
            125.5973809,
            8.954597
          ],
          [
            125.5974405,
            8.9542601
          ],
          [
            125.5974851,
            8.9540087
          ],
          [
            125.5975806,
            8.9534695
          ],
          [
            125.5977478,
            8.9525255
          ]
        ]
      },
      "id": "way/152980680"
    },
    {
      "type": "Feature",
      "properties": {
        "@id": "way/152980681",
        "access": "private",
        "highway": "service"
      },
      "geometry": {
        "type": "LineString",
        "coordinates": [
          [
            125.5973809,
            8.954597
          ],
          [
            125.5982445,
            8.9547792
          ],
          [
            125.5983438,
            8.9548017
          ],
          [
            125.5984081,
            8.9548388
          ]
        ]
      },
      "id": "way/152980681"
    },
    {
      "type": "Feature",
      "properties": {
        "@id": "way/152980695",
        "access": "private",
        "highway": "service"
      },
      "geometry": {
        "type": "LineString",
        "coordinates": [
          [
            125.5961215,
            8.9553525
          ],
          [
            125.597208,
            8.9555731
          ]
        ]
      },
      "id": "way/152980695"
    },
    {
      "type": "Feature",
      "properties": {
        "@id": "way/152980749",
        "access": "private",
        "highway": "service"
      },
      "geometry": {
        "type": "LineString",
        "coordinates": [
          [
            125.5967148,
            8.9583578
          ],
          [
            125.5968398,
            8.9583838
          ],
          [
            125.5977711,
            8.9585596
          ]
        ]
      },
      "id": "way/152980749"
    },
    {
      "type": "Feature",
      "properties": {
        "@id": "way/152980840",
        "access": "private",
        "highway": "service"
      },
      "geometry": {
        "type": "LineString",
        "coordinates": [
          [
            125.5977711,
            8.9585596
          ],
          [
            125.5979327,
            8.9576396
          ],
          [
            125.5980367,
            8.9570847
          ],
          [
            125.5982752,
            8.9557993
          ],
          [
            125.5984242,
            8.9549898
          ],
          [
            125.5984256,
            8.9549037
          ],
          [
            125.5984081,
            8.9548388
          ]
        ]
      },
      "id": "way/152980840"
    },
    {
      "type": "Feature",
      "properties": {
        "@id": "way/152980885",
        "access": "private",
        "highway": "service"
      },
      "geometry": {
        "type": "LineString",
        "coordinates": [
          [
            125.5975806,
            8.9534695
          ],
          [
            125.5979409,
            8.9535268
          ],
          [
            125.5985388,
            8.9536286
          ],
          [
            125.5993485,
            8.9537574
          ]
        ]
      },
      "id": "way/152980885"
    },
    {
      "type": "Feature",
      "properties": {
        "@id": "way/152980914",
        "access": "private",
        "foot": "yes",
        "highway": "service"
      },
      "geometry": {
        "type": "LineString",
        "coordinates": [
          [
            125.596876,
            8.9574475
          ],
          [
            125.5960955,
            8.957329
          ],
          [
            125.5958419,
            8.9572677
          ],
          [
            125.5957742,
            8.9572068
          ],
          [
            125.5957554,
            8.9571087
          ],
          [
            125.5957715,
            8.9569557
          ],
          [
            125.5960374,
            8.9557371
          ],
          [
            125.5961215,
            8.9553525
          ]
        ]
      },
      "id": "way/152980914"
    },
    {
      "type": "Feature",
      "properties": {
        "@id": "way/398101494",
        "access": "private",
        "highway": "footway",
        "surface": "unpaved"
      },
      "geometry": {
        "type": "LineString",
        "coordinates": [
          [
            125.5961215,
            8.9553525
          ],
          [
            125.595647,
            8.955248
          ],
          [
            125.5955054,
            8.9552167
          ]
        ]
      },
      "id": "way/398101494"
    },
    {
      "type": "Feature",
      "properties": {
        "@id": "way/398101495",
        "access": "private",
        "highway": "footway",
        "surface": "paved"
      },
      "geometry": {
        "type": "LineString",
        "coordinates": [
          [
            125.5974405,
            8.9542601
          ],
          [
            125.5963565,
            8.9540726
          ],
          [
            125.5961977,
            8.9549237
          ]
        ]
      },
      "id": "way/398101495"
    },
    {
      "type": "Feature",
      "properties": {
        "@id": "way/398450595",
        "access": "private",
        "highway": "footway",
        "surface": "paved"
      },
      "geometry": {
        "type": "LineString",
        "coordinates": [
          [
            125.595647,
            8.955248
          ],
          [
            125.5956738,
            8.9551179
          ]
        ]
      },
      "id": "way/398450595"
    },
    {
      "type": "Feature",
      "properties": {
        "@id": "way/398451591",
        "access": "private",
        "highway": "service",
        "service": "driveway",
        "surface": "gravel"
      },
      "geometry": {
        "type": "LineString",
        "coordinates": [
          [
            125.5965422,
            8.959332
          ],
          [
            125.5973023,
            8.959464
          ]
        ]
      },
      "id": "way/398451591"
    },
    {
      "type": "Feature",
      "properties": {
        "@id": "way/398451592",
        "access": "private",
        "highway": "service",
        "service": "driveway",
        "surface": "gravel"
      },
      "geometry": {
        "type": "LineString",
        "coordinates": [
          [
            125.5965422,
            8.959332
          ],
          [
            125.5954439,
            8.959137
          ],
          [
            125.5952082,
            8.9590952
          ]
        ]
      },
      "id": "way/398451592"
    },
    {
      "type": "Feature",
      "properties": {
        "@id": "way/569158990",
        "bridge": "yes",
        "highway": "footway",
        "layer": "1"
      },
      "geometry": {
        "type": "LineString",
        "coordinates": [
          [
            125.5960593,
            8.959703
          ],
          [
            125.5961009,
            8.9594729
          ],
          [
            125.5961082,
            8.9594325
          ]
        ]
      },
      "id": "way/569158990"
    },
    {
      "type": "Feature",
      "properties": {
        "@id": "way/766822761",
        "highway": "footway"
      },
      "geometry": {
        "type": "LineString",
        "coordinates": [
          [
            125.5959869,
            8.9595895
          ],
          [
            125.5960108,
            8.959457
          ]
        ]
      },
      "id": "way/766822761"
    },
    {
      "type": "Feature",
      "properties": {
        "@id": "way/766822762",
        "highway": "steps",
        "incline": "up"
      },
      "geometry": {
        "type": "LineString",
        "coordinates": [
          [
            125.5960108,
            8.959457
          ],
          [
            125.5961009,
            8.9594729
          ]
        ]
      },
      "id": "way/766822762"
    },
    {
      "type": "Feature",
      "properties": {
        "@id": "way/766822763",
        "highway": "footway"
      },
      "geometry": {
        "type": "LineString",
        "coordinates": [
          [
            125.5962267,
            8.9596319
          ],
          [
            125.596258,
            8.9594589
          ]
        ]
      },
      "id": "way/766822763"
    },
    {
      "type": "Feature",
      "properties": {
        "@id": "way/766822766",
        "highway": "steps",
        "incline": "up"
      },
      "geometry": {
        "type": "LineString",
        "coordinates": [
          [
            125.596258,
            8.9594589
          ],
          [
            125.5961082,
            8.9594325
          ]
        ]
      },
      "id": "way/766822766"
    },
    {
      "type": "Feature",
      "properties": {
        "@id": "way/856676775",
        "access": "private",
        "highway": "service"
      },
      "geometry": {
        "type": "LineString",
        "coordinates": [
          [
            125.5959874,
            8.9537273
          ],
          [
            125.5974851,
            8.9540087
          ]
        ]
      },
      "id": "way/856676775"
    },
    {
      "type": "Feature",
      "properties": {
        "@id": "way/985692459",
        "highway": "service"
      },
      "geometry": {
        "type": "LineString",
        "coordinates": [
          [
            125.5976707,
            8.9598923
          ],
          [
            125.5977416,
            8.9597258
          ],
          [
            125.5977684,
            8.9597046
          ],
          [
            125.5979294,
            8.9597364
          ],
          [
            125.5979535,
            8.9597655
          ],
          [
            125.5979578,
            8.9599437
          ]
        ]
      },
      "id": "way/985692459"
    },
    {
      "type": "Feature",
      "properties": {
        "@id": "way/985701112",
        "access": "private",
        "highway": "service",
        "service": "driveway"
      },
      "geometry": {
        "type": "LineString",
        "coordinates": [
          [
            125.5957877,
            8.9556853
          ],
          [
            125.5960374,
            8.9557371
          ]
        ]
      },
      "id": "way/985701112"
    },
    {
      "type": "Feature",
      "properties": {
        "@id": "way/985701114",
        "access": "private",
        "highway": "service",
        "oneway": "yes",
        "service": "driveway",
        "surface": "concrete"
      },
      "geometry": {
        "type": "LineString",
        "coordinates": [
          [
            125.5970873,
            8.9572537
          ],
          [
            125.5970722,
            8.9572141
          ],
          [
            125.5970736,
            8.9571718
          ],
          [
            125.5970913,
            8.9571333
          ],
          [
            125.5971225,
            8.9571043
          ],
          [
            125.5971626,
            8.9570894
          ],
          [
            125.5972054,
            8.9570908
          ],
          [
            125.5972444,
            8.9571082
          ],
          [
            125.5972737,
            8.9571391
          ],
          [
            125.5972888,
            8.9571787
          ],
          [
            125.5972874,
            8.957221
          ],
          [
            125.5972698,
            8.9572595
          ],
          [
            125.5972385,
            8.9572885
          ],
          [
            125.5971984,
            8.9573034
          ],
          [
            125.5971556,
            8.957302
          ],
          [
            125.5971166,
            8.9572846
          ],
          [
            125.5970873,
            8.9572537
          ]
        ]
      },
      "id": "way/985701114"
    },
    {
      "type": "Feature",
      "properties": {
        "@id": "way/985701115",
        "access": "private",
        "highway": "service",
        "service": "driveway",
        "surface": "concrete"
      },
      "geometry": {
        "type": "LineString",
        "coordinates": [
          [
            125.596929,
            8.9571485
          ],
          [
            125.5970736,
            8.9571718
          ]
        ]
      },
      "id": "way/985701115"
    },
    {
      "type": "Feature",
      "properties": {
        "@id": "way/985701116",
        "access": "private",
        "highway": "service",
        "service": "driveway"
      },
      "geometry": {
        "type": "LineString",
        "coordinates": [
          [
            125.596969,
            8.9569222
          ],
          [
            125.5970737,
            8.9569405
          ]
        ]
      },
      "id": "way/985701116"
    },
    {
      "type": "Feature",
      "properties": {
        "@id": "way/985701117",
        "access": "private",
        "highway": "service",
        "service": "driveway"
      },
      "geometry": {
        "type": "LineString",
        "coordinates": [
          [
            125.5969987,
            8.956755
          ],
          [
            125.5971139,
            8.9567756
          ]
        ]
      },
      "id": "way/985701117"
    },
    {
      "type": "Feature",
      "properties": {
        "@id": "way/985717767",
        "access": "private",
        "highway": "service",
        "service": "driveway"
      },
      "geometry": {
        "type": "LineString",
        "coordinates": [
          [
            125.5979409,
            8.9535268
          ],
          [
            125.5979696,
            8.9533431
          ],
          [
            125.5979991,
            8.9532981
          ],
          [
            125.5984014,
            8.953367
          ],
          [
            125.5985516,
            8.9533988
          ],
          [
            125.5985677,
            8.9534491
          ],
          [
            125.5985388,
            8.9536286
          ]
        ]
      },
      "id": "way/985717767"
    },
    {
      "type": "Feature",
      "properties": {
        "@id": "way/985717768",
        "access": "private",
        "highway": "service",
        "service": "driveway"
      },
      "geometry": {
        "type": "LineString",
        "coordinates": [
          [
            125.5979991,
            8.9532981
          ],
          [
            125.5979294,
            8.9532583
          ],
          [
            125.5979106,
            8.9532266
          ],
          [
            125.597932,
            8.9530623
          ],
          [
            125.5979589,
            8.9530384
          ],
          [
            125.5984256,
            8.9531206
          ],
          [
            125.5984309,
            8.9531497
          ],
          [
            125.5984014,
            8.953367
          ]
        ]
      },
      "id": "way/985717768"
    },
    {
      "type": "Feature",
      "properties": {
        "@id": "way/1141068967",
        "access": "private",
        "highway": "service"
      },
      "geometry": {
        "type": "LineString",
        "coordinates": [
          [
            125.5980367,
            8.9570847
          ],
          [
            125.5987261,
            8.9572088
          ]
        ]
      },
      "id": "way/1141068967"
    },
    {
      "type": "Feature",
      "properties": {
        "@id": "way/1313433207",
        "access": "private",
        "highway": "service",
        "service": "driveway"
      },
      "geometry": {
        "type": "LineString",
        "coordinates": [
          [
            125.5977711,
            8.9585596
          ],
          [
            125.5979572,
            8.958607
          ]
        ]
      },
      "id": "way/1313433207"
    },
    {
      "type": "Feature",
      "properties": {
        "@id": "way/1313433211",
        "access": "private",
        "foot": "yes",
        "highway": "service"
      },
      "geometry": {
        "type": "LineString",
        "coordinates": [
          [
            125.5979327,
            8.9576396
          ],
          [
            125.596876,
            8.9574475
          ]
        ]
      },
      "id": "way/1313433211"
    },
    {
      "type": "Feature",
      "properties": {
        "@id": "way/1313433212",
        "access": "private",
        "highway": "service"
      },
      "geometry": {
        "type": "LineString",
        "coordinates": [
          [
            125.597208,
            8.9555731
          ],
          [
            125.5982752,
            8.9557993
          ]
        ]
      },
      "id": "way/1313433212"
    },
    {
      "type": "Feature",
      "properties": {
        "@id": "way/1313433213",
        "highway": "service"
      },
      "geometry": {
        "type": "LineString",
        "coordinates": [
          [
            125.5964811,
            8.9596771
          ],
          [
            125.5965146,
            8.9594878
          ]
        ]
      },
      "id": "way/1313433213"
    },
    {
      "type": "Feature",
      "properties": {
        "@id": "way/1352809664",
        "highway": "service"
      },
      "geometry": {
        "type": "LineString",
        "coordinates": [
          [
            125.5971212,
            8.9560634
          ],
          [
            125.5977737,
            8.9561854
          ],
          [
            125.5978209,
            8.9561691
          ],
          [
            125.5978374,
            8.956091
          ],
          [
            125.5978178,
            8.9560514
          ],
          [
            125.5971461,
            8.9559229
          ]
        ]
      },
      "id": "way/1352809664"
    },
    {
      "type": "Feature",
      "properties": {
        "@id": "way/1352814976",
        "highway": "service"
      },
      "geometry": {
        "type": "LineString",
        "coordinates": [
          [
            125.597347,
            8.9547882
          ],
          [
            125.5975451,
            8.9548294
          ],
          [
            125.5975572,
            8.9548044
          ],
          [
            125.5975789,
            8.9547851
          ],
          [
            125.5976094,
            8.9547752
          ],
          [
            125.5976457,
            8.9547798
          ],
          [
            125.5976659,
            8.9548004
          ],
          [
            125.5976739,
            8.9548242
          ],
          [
            125.5976708,
            8.9548543
          ],
          [
            125.5976559,
            8.9548824
          ],
          [
            125.5976292,
            8.9548971
          ],
          [
            125.597597,
            8.954899
          ],
          [
            125.5975672,
            8.954887
          ],
          [
            125.5975481,
            8.9548588
          ],
          [
            125.5975451,
            8.9548294
          ]
        ]
      },
      "id": "way/1352814976"
    }
  ]
}